Composition,Source,Temperature (K),Average SCL (A),Average SCL (A) [b_PH=zero],Average SCL (A) [b_PH=fraction],Average SCL (A) [b_PH=L_classical],Average SCL (A) [b_PH=L_quantum],Average SCL (A) [b_PH=O_CSV],Experimental SCL (A),Deviation,Pair 1 Label,Pair 1 SCL_i (A),Pair 1 Peak X (A),Pair 1 Peak Y,Pair 1 Min X (A),Pair 1 Min Y,Pair 1 CC Peak X (A),Pair 1 CC Peak Y,Pair 1 PMF at Peak (kJ/mol),Pair 1 Bond Strength (kJ/mol/A²),Pair 1 Reduced Mass (g/mol),Pair 1 Fundamental Frequency (rad/ps),Pair 1 b_PH,Pair 2 Label,Pair 2 SCL_i (A),Pair 2 Peak X (A),Pair 2 Peak Y,Pair 2 Min X (A),Pair 2 Min Y,Pair 2 CC Peak X (A),Pair 2 CC Peak Y,Pair 2 PMF at Peak (kJ/mol),Pair 2 Bond Strength (kJ/mol/A²),Pair 2 Reduced Mass (g/mol),Pair 2 Fundamental Frequency (rad/ps),Pair 2 b_PH,Pair 3 Label,Pair 3 SCL_i (A),Pair 3 Peak X (A),Pair 3 Peak Y,Pair 3 Min X (A),Pair 3 Min Y,Pair 3 CC Peak X (A),Pair 3 CC Peak Y,Pair 3 PMF at Peak (kJ/mol),Pair 3 Bond Strength (kJ/mol/A²),Pair 3 Reduced Mass (g/mol),Pair 3 Fundamental Frequency (rad/ps),Pair 3 b_PH,Pair 4 Label,Pair 4 SCL_i (A),Pair 4 Peak X (A),Pair 4 Peak Y,Pair 4 Min X (A),Pair 4 Min Y,Pair 4 CC Peak X (A),Pair 4 CC Peak Y,Pair 4 PMF at Peak (kJ/mol),Pair 4 Bond Strength (kJ/mol/A²),Pair 4 Reduced Mass (g/mol),Pair 4 Fundamental Frequency (rad/ps),Pair 4 b_PH,Pair 5 Label,Pair 5 SCL_i (A),Pair 5 Peak X (A),Pair 5 Peak Y,Pair 5 Min X (A),Pair 5 Min Y,Pair 5 CC Peak X (A),Pair 5 CC Peak Y,Pair 5 PMF at Peak (kJ/mol),Pair 5 Bond Strength (kJ/mol/A²),Pair 5 Reduced Mass (g/mol),Pair 5 Fundamental Frequency (rad/ps),Pair 5 b_PH,Pair 6 Label,Pair 6 SCL_i (A),Pair 6 Peak X (A),Pair 6 Peak Y,Pair 6 Min X (A),Pair 6 Min Y,Pair 6 CC Peak X (A),Pair 6 CC Peak Y,Pair 6 PMF at Peak (kJ/mol),Pair 6 Bond Strength (kJ/mol/A²),Pair 6 Reduced Mass (g/mol),Pair 6 Fundamental Frequency (rad/ps),Pair 6 b_PH
0.85KCl-0.15UCl3,"Andersson, 2024",1250,4.15317,,,,,,0,,K-Cl,4.26888,3.03804,0.89864,4.72963,0.16755,4.6917,0.28122,-11.89586,102.65754,18.59244,23.4978,0.05542,U-Cl,3.49749,2.73841,0.5012,4.30863,0.00532,5.39337,0.00382,-23.85538,352.97805,30.85476,33.82305,0.31404,,,,,,,,,,,,,,,,,,,,,,,,,,,,,,,,,,,,,,,,,,,,,,,,,,,,
0.75KCl-0.25UCl3,"Andersson, 2024",1250,3.90272,,,,,,0,,K-Cl,3.95442,3.07247,0.69865,4.71431,0.1588,5.02913,0.1662,-10.82426,92.15588,18.59244,22.2635,0.08763,U-Cl,3.74763,2.75765,0.74851,4.0249,0.01093,4.75416,0.01041,-22.95865,334.72206,30.85476,32.93678,0.2629,,,,,,,,,,,,,,,,,,,,,,,,,,,,,,,,,,,,,,,,,,,,,,,,,,,,
0.65KCl-0.35UCl3,"Andersson, 2024",1250,3.76079,,,,,,0,,K-Cl,3.72987,3.09691,0.54315,4.74462,0.13878,5.00667,0.11236,-10.07305,87.88423,18.59244,21.74139,0.13036,U-Cl,3.81822,2.75545,0.87008,4.04583,0.02231,4.70889,0.03238,-21.40405,308.78609,30.85476,31.635,0.2421,,,,,,,,,,,,,,,,,,,,,,,,,,,,,,,,,,,,,,,,,,,,,,,,,,,,
0.5KCl-0.5UCl3,"Andersson, 2024",1250,3.77993,,,,,,0,,K-Cl,3.50882,3.08627,0.35574,4.72133,0.10267,4.96776,0.0509,-9.10415,84.06845,18.59244,21.26416,0.19077,U-Cl,4.05104,2.76161,0.99713,3.88815,0.03839,4.53357,0.07177,-19.81618,287.31357,30.85476,30.51526,0.19077,,,,,,,,,,,,,,,,,,,,,,,,,,,,,,,,,,,,,,,,,,,,,,,,,,,,
0.625LiF-0.3125BeF2-0.0625ThF4,"Yin, 2025",973,2.79675,,,,,,0,,Be-F,2.72407,1.54291,0.96359,2.39643,0.00235,2.95748,0.03876,-17.99053,940.92415,6.11258,124.06945,0.19172,Li-F,2.86319,1.85626,0.69559,2.71874,0.12165,3.17236,0.14235,-9.74643,257.80447,5.08315,71.21616,0.10879,Th-F,2.49562,2.26213,0.12704,3.2977,0.00383,0,0,-14.61939,454.13809,17.5606,50.8539,0.49311,,,,,,,,,,,,,,,,,,,,,,,,,,,,,,,,,,,,,,,
0.6LiF-0.3BeF2-0.1ThF4,"Yin, 2025",973,2.73859,,,,,,0,,Be-F,2.65285,1.54151,0.9069,2.39425,0.00221,2.9548,0.03149,-17.98756,950.6892,6.11258,124.71159,0.20655,Li-F,2.81614,1.84861,0.65762,2.71925,0.11393,3.12475,0.10945,-9.77991,266.44874,5.08315,72.40027,0.1253,Th-F,2.53047,2.26306,0.19637,3.30067,0.0062,0,0,-14.49721,442.9693,17.5606,50.22467,0.47674,,,,,,,,,,,,,,,,,,,,,,,,,,,,,,,,,,,,,,,
0.5455LiF-0.2727BeF2-0.1818ThF4,"Yin, 2025",973,2.65858,,,,,,0,,Be-F,2.52681,1.54151,0.78624,2.39425,0.00192,2.9548,0.02184,-17.98756,950.6892,6.11258,124.71159,0.23998,Li-F,2.7322,1.84861,0.57023,2.71925,0.09879,3.12475,0.07593,-9.77991,266.44874,5.08315,72.40027,0.16003,Th-F,2.63531,2.26306,0.34048,3.30067,0.01076,0,0,-14.49721,442.9693,17.5606,50.22467,0.43341,,,,,,,,,,,,,,,,,,,,,,,,,,,,,,,,,,,,,,,
0.5454LiF-0.3636NaF-0.091UF4,"Grizzi, 2024",1473,2.87588,,,,,,0,,Li-F,2.9208,1.82187,0.7549,2.91272,0.09724,0,0,-16.75526,359.4849,5.08315,84.09567,0.15791,Na-F,2.86695,2.24121,0.33963,3.48224,0.08292,0,0,-11.93888,196.33988,10.40219,43.44521,0.1976,U-F,2.64229,2.22704,0.23517,3.25273,0.00497,0,0,-24.40211,610.2846,17.59412,58.89554,0.42282,,,,,,,,,,,,,,,,,,,,,,,,,,,,,,,,,,,,,,,
0.78NaF-0.22UF4,"900K-AIMD-Zhang, 2026",900,3.21533,,,,,,0,,Na-F,3.23384,2.25947,0.66432,3.57683,0.14865,3.61675,0.18275,-7.40621,122.91299,10.40219,34.37451,0.0773,U-F,3.14972,2.21955,0.56069,3.25747,0.00791,3.98002,0.00696,-15.6081,439.72975,17.59412,49.993,0.27406,,,,,,,,,,,,,,,,,,,,,,,,,,,,,,,,,,,,,,,,,,,,,,,,,,,,
0.78NaF-0.22UF4,"900K-CMD-Zhang, 2026",900,3.32581,,,,,,0,,Na-F,3.38219,2.21955,0.80799,3.30138,0.13729,3.50098,0.19703,-8.87128,183.96988,10.40219,42.05436,0.07998,U-F,3.12594,2.21955,0.59274,3.21755,0.00452,6.57881,0.02379,-16.0241,445.04855,17.59412,50.29443,0.28357,,,,,,,,,,,,,,,,,,,,,,,,,,,,,,,,,,,,,,,,,,,,,,,,,,,,
0.78NaF-0.22UF4,"1000K-CMD-Zhang, 2026",1000,3.29588,,,,,,0,,Na-F,3.33862,2.21955,0.77125,3.42114,0.14097,3.5409,0.19017,-9.47007,196.41942,10.40219,43.45401,0.07852,U-F,3.14434,2.21955,0.5824,3.10178,0.00498,4.45906,0.00527,-17.65821,511.70118,17.59412,53.92926,0.2784,,,,,,,,,,,,,,,,,,,,,,,,,,,,,,,,,,,,,,,,,,,,,,,,,,,,
0.78NaF-0.22UF4,"1100K-CMD-Zhang, 2026",1100,3.25738,,,,,,0,,Na-F,3.28507,2.21955,0.72153,3.38122,0.14302,3.5409,0.18039,-9.80764,193.05231,10.40219,43.07994,0.07725,U-F,3.15922,2.21955,0.5524,3.22154,0.0055,6.65865,0.01661,-18.94031,515.45103,17.59412,54.1265,0.27388,,,,,,,,,,,,,,,,,,,,,,,,,,,,,,,,,,,,,,,,,,,,,,,,,,,,
0.78NaF-0.22UF4,"1200K-CMD-Zhang, 2026",1200,3.20587,,,,,,0,,Na-F,3.21308,2.21955,0.66097,3.33731,0.14642,3.7405,0.15588,-9.82448,185.69549,10.40219,42.25113,0.07261,U-F,3.18029,2.17963,0.55247,3.26146,0.00574,4.57882,0.00661,-20.6634,585.71653,17.59412,57.6979,0.25743,,,,,,,,,,,,,,,,,,,,,,,,,,,,,,,,,,,,,,,,,,,,,,,,,,,,
0.57NaF-0.16KF-0.27UF4,"900K-AIMD-Zhang, 2026",900,3.21984,,,,,,0,,K-F,3.18022,2.58282,0.0981,3.90018,0.02712,3.5409,0.00505,-5.05043,84.42759,12.78567,25.69688,0.15591,Na-F,3.25514,2.25947,0.51661,3.30138,0.09196,3.65667,0.08627,-7.97547,160.06179,10.40219,39.22667,0.12749,U-F,3.16881,2.21955,0.6572,3.3413,0.00805,4.25946,0.00889,-15.36805,473.39532,17.59412,51.87143,0.27022,,,,,,,,,,,,,,,,,,,,,,,,,,,,,,,,,,,,,,,
0.57NaF-0.16KF-0.27UF4,"1000K-AIMD-Zhang, 2026",1000,3.16598,,,,,,0,,K-F,3.14596,2.61875,0.09711,3.78042,0.02908,3.21755,0.00219,-5.52728,89.58088,12.78567,26.46951,0.15268,Na-F,3.18672,2.21955,0.48453,3.22154,0.09017,3.58082,0.08024,-8.32852,167.18129,10.40219,40.08958,0.12711,U-F,3.13407,2.17963,0.63527,3.09779,0.00858,6.57881,0.01974,-16.79337,542.68488,17.59412,55.53798,0.26749,,,,,,,,,,,,,,,,,,,,,,,,,,,,,,,,,,,,,,,
0.57NaF-0.16KF-0.27UF4,"1100K-AIMD-Zhang, 2026",1100,3.1876,,,,,,0,,K-F,3.18801,2.65867,0.09048,4.1397,0.02727,2.98202,0.00125,-5.43328,81.09277,12.78567,25.18427,0.14934,Na-F,3.1409,2.21955,0.45443,3.57683,0.09523,3.5409,0.07634,-8.57493,179.03104,10.40219,41.48602,0.11584,U-F,3.28594,2.21955,0.61022,3.18162,0.00692,4.66265,0.01,-18.10482,526.88193,17.59412,54.72338,0.24172,,,,,,,,,,,,,,,,,,,,,,,,,,,,,,,,,,,,,,,
0.57NaF-0.16KF-0.27UF4,"1200K-AIMD-Zhang, 2026",1200,3.13853,,,,,,0,,K-F,3.0467,2.65867,0.08435,3.90018,0.02926,3.78042,0.00574,-5.22793,80.58779,12.78567,25.10573,0.14297,Na-F,3.1168,2.21955,0.43509,3.50098,0.09347,3.62074,0.07175,-8.92052,183.86676,10.40219,42.04257,0.11737,U-F,3.23882,2.17963,0.59966,3.22154,0.00784,4.49898,0.00807,-19.57651,584.02503,17.59412,57.61452,0.24118,,,,,,,,,,,,,,,,,,,,,,,,,,,,,,,,,,,,,,,
0.63NaCl-0.37UCl3,"AIMD-Zhang, 2026",1100,3.52006,,,,,,0,,Na-Cl,3.52717,2.77843,0.6195,4.25946,0.12616,4.29938,0.11607,-10.42915,121.39005,13.94577,29.50328,0.17621,U-Cl,3.50797,2.7425,0.82322,3.82034,0.02913,5.21754,0.03977,-17.89705,334.29458,30.85476,32.91574,0.30003,,,,,,,,,,,,,,,,,,,,,,,,,,,,,,,,,,,,,,,,,,,,,,,,,,,,
0.66LiF-0.34BeF2,"Fayfar, 2024",973,2.30554,,,,,,1.90187,21.22,Be-F,1.89122,1.54691,1.30236,2.32285,0.0012,2.95953,0.03108,-19.53051,994.62917,6.11258,127.56107,0.49248,Li-F,2.51898,1.84038,0.75482,2.69093,0.12812,4.29753,0.12649,-9.75176,272.97557,5.08315,73.28165,0.2537,,,,,,,,,,,,,,,,,,,,,,,,,,,,,,,,,,,,,,,,,,,,,,,,,,,,
0.66LiF-0.34BeF2,"Yin, 2025",973,2.22708,,,,,,1.90187,17.1,Be-F,1.77632,1.55099,1.12589,2.47264,2.00E-05,2.95882,0.0228,-18.35259,971.47126,6.11258,126.06732,0.55466,Li-F,2.45928,1.85821,0.75434,2.77389,0.13228,3.21533,0.1662,-9.74665,256.53397,5.08315,71.04046,0.28573,,,,,,,,,,,,,,,,,,,,,,,,,,,,,,,,,,,,,,,,,,,,,,,,,,,,
0.32MgCl2-0.68KCl,"Walker, 2026",723,3.61058,,,,,,3.91988,-7.89,K-Cl,3.96626,3.12274,0.75542,4.69459,0.12318,4.75222,0.20824,-7.05899,62.80924,18.59244,18.37992,0.1818,Mg-Cl,2.85475,2.33681,1.17805,3.33232,0.01767,7.37721,0.03797,-14.26127,427.48546,14.41908,54.44925,0.38633,,,,,,,,,,,,,,,,,,,,,,,,,,,,,,,,,,,,,,,,,,,,,,,,,,,,
0.5LiCl-0.5KCl,"Jiang, 2016",727,3.3599,,,,,,0,,K-Cl,3.41684,2.91568,0.53635,4.51536,0.10815,0,0,-6.53898,71.89623,18.59244,19.66459,0.26002,Li-Cl,3.30296,2.16312,0.9842,3.46729,0.06213,0,0,-10.20828,127.07567,5.8038,46.79237,0.26002,,,,,,,,,,,,,,,,,,,,,,,,,,,,,,,,,,,,,,,,,,,,,,,,,,,,
0.637LiCl-0.363KCl,"Jiang, 2016",750,3.56783,,,,,,0,,K-Cl,3.23182,2.93915,0.35385,4.3012,0.07944,0,0,-6.19134,63.45639,18.59244,18.47436,0.33126,Li-Cl,3.7593,2.20237,1.12722,3.38122,0.08628,0,0,-9.90964,120.67705,5.8038,45.59909,0.18877,,,,,,,,,,,,,,,,,,,,,,,,,,,,,,,,,,,,,,,,,,,,,,,,,,,,
0.5NaCl-0.5KCl,"Manga, 2014",1100,4.01471,,,,,,4.32778,-7.23,K-Cl,4.05538,2.96275,0.61096,4.57563,0.09819,4.67985,0.1451,-11.08502,105.80056,18.59244,23.8548,0.12341,Na-Cl,3.97403,2.57565,0.85239,4.14884,0.07525,4.18854,0.15762,-14.13081,163.59224,13.94577,34.24997,0.12341,,,,,,,,,,,,,,,,,,,,,,,,,,,,,,,,,,,,,,,,,,,,,,,,,,,,
0.5NaCl-0.5KCl,"Walker, 2026",1100,4.10834,,,,,,4.32778,-5.07,K-Cl,4.14217,3.07034,0.56922,4.64743,0.09636,4.5898,0.14384,-10.43791,86.26022,18.59244,21.53957,0.09258,Na-Cl,4.07452,2.65118,0.75273,4.22827,0.08511,3.9663,0.15392,-12.99359,143.44397,13.94577,32.07155,0.09258,,,,,,,,,,,,,,,,,,,,,,,,,,,,,,,,,,,,,,,,,,,,,,,,,,,,
0.6NaCl-0.4KCl,"Walker, 2026",1100,4.06522,,,,,,4.32778,-6.07,K-Cl,3.97215,3.07034,0.44261,4.69983,0.07811,4.85177,0.07969,-10.21109,85.44396,18.59244,21.43742,0.10925,Na-Cl,4.12727,2.65118,0.86883,4.28067,0.10422,4.01869,0.21336,-12.6712,142.22346,13.94577,31.93482,0.07283,,,,,,,,,,,,,,,,,,,,,,,,,,,,,,,,,,,,,,,,,,,,,,,,,,,,
0.3NaCl-0.7KCl,"Walker, 2026",1100,4.24174,,,,,,4.32778,-1.99,K-Cl,4.36425,3.07034,0.82015,4.75222,0.12771,4.49025,0.27928,-10.83287,87.72271,18.59244,21.7214,0.05555,Na-Cl,3.9559,2.65118,0.46945,4.22827,0.04791,4.01345,0.05737,-13.4795,148.76356,13.94577,32.66082,0.12961,,,,,,,,,,,,,,,,,,,,,,,,,,,,,,,,,,,,,,,,,,,,,,,,,,,,
0.7LiCl-0.3CaCl2,"Liang, 2024",1073,3.24778,,,,,,0,,Ca-Cl,3.12632,2.61724,0.56789,3.82444,0.02357,4.95248,0.05852,-15.21559,227.36997,18.8111,34.76637,0.36773,Li-Cl,3.29984,2.25607,0.85061,3.63149,0.1154,3.89371,0.2346,-11.26089,151.28128,5.8038,51.05479,0.1576,,,,,,,,,,,,,,,,,,,,,,,,,,,,,,,,,,,,,,,,,,,,,,,,,,,,
0.4903NaCl-0.5097CaCl2,"Wei, 2022",1023,3.44895,,,,,,3.76913,-8.49,Ca-Cl,3.66182,2.67223,0.4782,3.92275,0.01598,4.70432,0.13917,-8.82043,207.05669,18.8111,33.17703,0.25252,Na-Cl,3.22766,2.68712,0.47761,4.13861,0.09189,4.27259,0.0862,-9.14005,116.69374,13.94577,28.92695,0.26251,,,,,,,,,,,,,,,,,,,,,,,,,,,,,,,,,,,,,,,,,,,,,,,,,,,,
0.718KCl-0.282CaCl2,"Wei, 2022",1300,4.13821,,,,,,0,,Ca-Cl,2.6517,2.57547,0.75775,4.01863,0.01824,4.66249,0.04812,-22.20748,311.59356,18.8111,40.69931,0.57303,K-Cl,4.72205,4.7217,0.39311,6.86793,0.18524,4.63289,0.21626,-5.01235,13.65526,18.59244,8.57002,0.22506,,,,,,,,,,,,,,,,,,,,,,,,,,,,,,,,,,,,,,,,,,,,,,,,,,,,
0.345NaF-0.065MgF2-0.59KF,"Solano, 2021",1073,3.37591,,,,,,3.92263,-13.94,K-F,3.55321,2.56096,0.66201,3.77029,0.11679,0,0,-10.07095,127.30474,12.78567,31.55444,0.13496,Mg-F,2.19183,1.95036,0.27009,3.03817,0.00331,3.4561,0.00572,-21.75103,530.56908,10.66328,70.5384,0.51441,Na-F,3.29578,2.24676,0.56475,3.50353,0.05125,0,0,-13.4404,205.50585,10.40219,44.44774,0.19302,,,,,,,,,,,,,,,,,,,,,,,,,,,,,,,,,,,,,,,
0.33NaCl-0.45MgCl2-0.22KCl,"Jiang, 2024",750,3.08786,,,,,,0,,K-Cl,3.29,3.05106,0.21029,4.60621,0.0455,4.96168,0.01578,-6.39828,66.91139,18.59244,18.97063,0.35843,Mg-Cl,2.95583,2.2883,1.32878,3.57685,0.01282,3.68793,0.07916,-13.43187,432.98409,14.41908,54.79831,0.34595,Na-Cl,3.13315,2.63635,0.40072,4.08042,0.06305,4.3174,0.039,-7.89067,122.34324,13.94577,29.61889,0.30859,,,,,,,,,,,,,,,,,,,,,,,,,,,,,,,,,,,,,,,
1.0LiF,"Walz, 2019",1121,3.43493,,,,,,3.28553,4.55,Li-F,3.43493,1.87565,1.24124,2.79035,0.15585,2.80577,0.55566,-12.25391,261.5903,5.08315,71.73716,0,,,,,,,,,,,,,,,,,,,,,,,,,,,,,,,,,,,,,,,,,,,,,,,,,,,,,,,,,,,,,,,,,
0.21NaCl-0.38MgCl2-0.41KCl,"Jiang, 2024",750,3.18196,,,,,,3.65358,-12.91,K-Cl,3.35049,3.12538,0.40984,4.544,0.11184,4.92081,0.06462,-6.57537,68.53015,18.59244,19.19874,0.31786,Mg-Cl,2.96629,2.37174,1.29776,3.50959,0.03444,3.69431,0.04213,-14.23684,432.04231,14.41908,54.73868,0.35737,Na-Cl,3.24319,2.73379,0.29142,4.10068,0.03932,4.30756,0.01727,-8.62117,106.50557,13.94577,27.63535,0.31443,,,,,,,,,,,,,,,,,,,,,,,,,,,,,,,,,,,,,,,
1.0NaF,"Walz, 2019",1266,3.9007,,,,,,5.22361,-25.33,Na-F,3.9007,2.16571,1.31205,3.40781,0.15615,3.27405,0.52188,-14.42292,255.19356,10.40219,49.53047,0,,,,,,,,,,,,,,,,,,,,,,,,,,,,,,,,,,,,,,,,,,,,,,,,,,,,,,,,,,,,,,,,,
1.0KF,"Walz, 2019",1131,4.36137,,,,,,4.63533,-5.91,K-F,4.36137,2.48153,1.31757,3.91232,0.15978,3.77818,0.55944,-12.92438,174.9183,12.78567,36.98758,0,,,,,,,,,,,,,,,,,,,,,,,,,,,,,,,,,,,,,,,,,,,,,,,,,,,,,,,,,,,,,,,,,
1.0LiCl,"Walz, 2019",878,4.26876,,,,,,4.10511,3.99,Li-Cl,4.26876,2.37101,1.32677,3.67506,0.14962,3.64717,0.50848,-10.08404,154.4734,5.8038,51.59061,0,,,,,,,,,,,,,,,,,,,,,,,,,,,,,,,,,,,,,,,,,,,,,,,,,,,,,,,,,,,,,,,,,
0.21NaCl-0.38MgCl2-0.41KCl,"Walker, 2026",660,3.49239,,,,,,3.65358,-4.41,K-Cl,3.80224,3.17513,0.44591,4.69983,0.07659,4.80462,0.073,-6.24918,55.40453,18.59244,17.26253,0.23149,Mg-Cl,3.12723,2.38397,1.19066,3.28516,0.02662,3.80387,0.04067,-12.05579,327.08894,14.41908,47.62819,0.31788,Na-Cl,3.5482,2.75597,0.28161,4.22303,0.03704,4.17588,0.01971,-7.39857,88.88804,13.94577,25.24646,0.23112,,,,,,,,,,,,,,,,,,,,,,,,,,,,,,,,,,,,,,,
1.0NaCl,"Lu, 2021",1200,4.52002,,,,,,4.48028,0.89,Na-Cl,4.52002,2.6622,1.26349,4.19256,0.15891,4.11285,0.53377,-13.29471,176.03131,13.94577,35.52825,0,,,,,,,,,,,,,,,,,,,,,,,,,,,,,,,,,,,,,,,,,,,,,,,,,,,,,,,,,,,,,,,,,
1.0KCl,"Walz, 2019",1043,4.96118,,,,,,4.47675,10.82,K-Cl,4.96118,2.93357,1.38697,4.59394,0.15377,4.4897,0.47218,-12.36395,153.23877,18.59244,28.70887,0,,,,,,,,,,,,,,,,,,,,,,,,,,,,,,,,,,,,,,,,,,,,,,,,,,,,,,,,,,,,,,,,,
0.417NaCl-0.058KCl-0.525CaCl2,"Wei, 2022",1023,3.4471,,,,,,0,,Ca-Cl,3.66957,2.62386,1.02412,3.9507,0.04698,4.74829,0.14814,-15.03174,235.17489,18.8111,35.35805,0.2323,K-Cl,3.21343,3.07856,0.04719,4.36068,0.01299,4.42776,0.00136,-7.59376,80.82774,18.59244,20.85029,0.38889,Na-Cl,3.19952,2.66858,0.41874,3.98051,0.08334,4.16687,0.06841,-9.38376,118.05516,13.94577,29.0952,0.26165,,,,,,,,,,,,,,,,,,,,,,,,,,,,,,,,,,,,,,,
1.0KCl,"Walker, 2026",1043,4.92433,,,,,,4.47675,10,K-Cl,4.92433,3.07034,1.1793,4.75222,0.15566,4.5374,0.55092,-10.95731,87.17305,18.59244,21.65324,0,,,,,,,,,,,,,,,,,,,,,,,,,,,,,,,,,,,,,,,,,,,,,,,,,,,,,,,,,,,,,,,,,
1.0MgCl2,"Roy, 2021",1073,4.53833,,,,,,4.76796,-4.82,Mg-Cl,4.53833,2.43757,1.71525,3.43774,0.10237,4.13184,0.23898,-15.99007,315.6949,14.41908,46.79129,0,,,,,,,,,,,,,,,,,,,,,,,,,,,,,,,,,,,,,,,,,,,,,,,,,,,,,,,,,,,,,,,,,
1.0MgCl2,"Walker, 2026",987,4.55681,,,,,,4.76796,-4.43,Mg-Cl,4.55681,2.38397,1.96978,3.33232,0.07777,4.07109,0.24159,-15.84391,372.51974,14.41908,50.82833,0,,,,,,,,,,,,,,,,,,,,,,,,,,,,,,,,,,,,,,,,,,,,,,,,,,,,,,,,,,,,,,,,,
0.535NaCl-0.315MgCl2-0.15CaCl2,"Wei, 2022",1023,2.74659,,,,,,3.52027,-21.98,Ca-Cl,2.89151,2.62021,0.30433,3.8782,0.01377,4.898,0.01464,-15.20618,240.62489,18.8111,35.7654,0.44983,Mg-Cl,2.27532,1.98004,1.16212,2.81375,0.00174,3.95264,0.04529,-20.29217,402.19624,14.41908,52.81414,0.49451,Na-Cl,2.98344,2.65743,0.50694,3.97497,0.11914,4.28017,0.10951,-8.73038,115.55399,13.94577,28.78533,0.32471,,,,,,,,,,,,,,,,,,,,,,,,,,,,,,,,,,,,,,,
1.0CaCl2,"Bu, 2021",1100,4.75167,,,,,,7.72598,-38.5,Ca-Cl,4.75167,2.70371,1.31894,3.95616,0.12393,4.53766,0.26751,-13.98951,224.00786,18.8111,34.50837,0,,,,,,,,,,,,,,,,,,,,,,,,,,,,,,,,,,,,,,,,,,,,,,,,,,,,,,,,,,,,,,,,,
1.0ThF4,"Dai, 2015",1633,4.21822,,,,,,0,,Th-F,4.21822,2.23615,1.02821,3.15925,0.05707,4.3768,0.12491,-22.8924,551.86332,17.5606,56.05909,0,,,,,,,,,,,,,,,,,,,,,,,,,,,,,,,,,,,,,,,,,,,,,,,,,,,,,,,,,,,,,,,,,
1.0UF4,"OcadizFlores, 2021",1357,4.19622,,,,,,0,,U-F,4.19622,2.18397,1.08594,2.99799,0.04886,4.28355,0.12934,-19.63951,562.42338,17.59412,56.53897,0,,,,,,,,,,,,,,,,,,,,,,,,,,,,,,,,,,,,,,,,,,,,,,,,,,,,,,,,,,,,,,,,,
1.0SrCl2,"McGreevy, 1987",1198,4.58459,,,,,,6.408743,-28.46,Sr-Cl,4.58459,2.90019,0.91166,3.88504,0.14444,5.73926,0.16784,-11.55714,89.21377,25.23872,18.80106,0,,,,,,,,,,,,,,,,,,,,,,,,,,,,,,,,,,,,,,,,,,,,,,,,,,,,,,,,,,,,,,,,,
0.64NaCl-0.36UCl3,"Andersson, 2022",1250,3.02621,,,,,,2.5393,19.18,Na-Cl,3.09194,2.65778,0.58913,4.24622,0.12733,4.56114,0.1,-11.1216,126.56997,13.94577,30.12619,0.28764,U-Cl,2.90937,2.77544,0.69311,4.08357,0.03029,4.69956,0.0344,-18.79079,294.39365,30.85476,30.88895,0.51136,,,,,,,,,,,,,,,,,,,,,,,,,,,,,,,,,,,,,,,,,,,,,,,,,,,,
0.6LiF-0.4NaF,"Grizzi, 2024",1473,3.22617,,,,,,2.63857,22.27,Li-F,3.42519,1.81931,0.88914,2.93737,0.09569,0,0,-17.25091,366.70622,5.08315,84.93613,0.12052,Na-F,2.92763,2.19106,0.39081,3.37671,0.08474,0,0,-12.14897,223.92575,10.40219,46.39697,0.18077,,,,,,,,,,,,,,,,,,,,,,,,,,,,,,,,,,,,,,,,,,,,,,,,,,,,
0.5LiF-0.5BeF2,"Sun, 2024",900,nan,,,,,,0,,Be-F,nan,1.53366,1.66556,2.25102,0,2.94859,0.14211,-17.22533,710.20643,6.11258,107.79034,nan,Li-F,nan,1.86018,0.52753,2.78532,0.09182,3.21574,0.09273,-8.62204,228.0077,5.08315,66.97429,nan,,,,,,,,,,,,,,,,,,,,,,,,,,,,,,,,,,,,,,,,,,,,,,,,,,,,
0.465LiF-0.115NaF-0.42KF,"Frandsen, 2020",873,2.95192,,,,,,2.26059,30.58,K-F,3.12383,2.65008,0.45459,3.8528,0.09233,3.84872,0.11762,-7.79186,101.53742,12.78567,28.18067,0.26193,Li-F,2.78359,1.85098,1.06329,2.84985,0.044,2.84985,0.14054,-13.22081,255.83124,5.08315,70.94309,0.24723,Na-F,3.00473,2.25053,0.17568,3.35133,0.02051,3.44917,0.01016,-10.29318,175.21106,10.40219,41.04104,0.2597,,,,,,,,,,,,,,,,,,,,,,,,,,,,,,,,,,,,,,,
0.5LiCl-0.5KCl,"NumbersNVE, 2026",738,2.83712,,,,,,0,,K-Cl,3.18715,3.12274,0.59512,4.59504,0.09276,4.5898,0.15372,-7.27585,66.60476,18.59244,18.92712,0.5,Li-Cl,2.48709,2.28442,1.09787,3.54714,0.06108,3.38471,0.14079,-11.0334,197.63688,5.8038,58.35497,0.5,,,,,,,,,,,,,,,,,,,,,,,,,,,,,,,,,,,,,,,,,,,,,,,,,,,,
0.5LiCl-0.5KCl,"NumbersNVT, 2026",738,2.83741,,,,,,0,,K-Cl,3.18672,3.12274,0.59242,4.64743,0.09315,4.59504,0.15665,-7.24795,65.83719,18.59244,18.81774,0.5,Li-Cl,2.48811,2.28442,1.09322,3.59429,0.05868,3.38471,0.13996,-11.00734,192.70646,5.8038,57.62249,0.5,,,,,,,,,,,,,,,,,,,,,,,,,,,,,,,,,,,,,,,,,,,,,,,,,,,,
0.21NaCl-0.41KCl-0.38MgCl2,Trajectory,680,4.635361317,4.635361317,2.783344405,3.143439447,3.135990555,2.814766081,,,K-Cl,4.790221284,3.17625,0.447257925,4.64625,0.077810044,,,,,,,0,Mg-Cl,4.556819068,2.33625,1.203862542,3.33375,0.025611898,,,,,,,0,Na-Cl,4.475139736,2.70375,0.280611856,4.17375,0.037900625,,,,,,,0,,,,,,,,,,,,,,,,,,,,,,,,,,,,,,,,,,,,,,,
0.25LiCl-0.75KCl,Trajectory,934,4.591933066,4.591933066,3.309531205,3.932590699,3.929159188,3.368599042,,,K-Cl,4.686836976,3.07125,0.893434849,4.59375,0.132015003,,,,,,,0,Li-Cl,4.307221335,2.28375,0.575298401,3.70125,0.027258189,,,,,,,0,,,,,,,,,,,,,,,,,,,,,,,,,,,,,,,,,,,,,,,,,,,,,,,,,,,,
0.275NaCl-0.325KCl-0.40MgCl2,Trajectory,700,4.561166272,4.561166272,2.738020842,3.042882849,3.036630678,2.764864402,,,K-Cl,4.682943636,3.17625,0.339250782,4.64625,0.063965922,,,,,,,0,Mg-Cl,4.553025416,2.33625,1.246976975,3.33375,0.027402768,,,,,,,0,Na-Cl,4.429088814,2.70375,0.357985803,4.22625,0.050926819,,,,,,,0,,,,,,,,,,,,,,,,,,,,,,,,,,,,,,,,,,,,,,,
0.2839NaCl-0.2725KCl-0.4436MgCl2,Trajectory,680,4.571135986,4.571135986,2.743223694,3.060108726,3.053529823,2.778115274,,,K-Cl,4.662701109,3.17625,0.272818498,4.54125,0.052105561,,,,,,,0,Mg-Cl,4.637147713,2.38875,1.297130895,3.33375,0.032068081,,,,,,,0,Na-Cl,4.380102884,2.70375,0.354416572,4.12125,0.053246451,,,,,,,0,,,,,,,,,,,,,,,,,,,,,,,,,,,,,,,,,,,,,,,
0.33NaCl-0.22KCl-0.45MgCl2,Trajectory,750,4.512136987,4.512136987,2.739335084,3.052420618,3.047077728,2.773871617,,,K-Cl,4.495739461,3.17625,0.20960905,4.59375,0.044779542,,,,,,,0,Mg-Cl,4.615425428,2.38875,1.250149031,3.49125,0.035720237,,,,,,,0,Na-Cl,4.382220796,2.75625,0.393126731,4.12125,0.063112304,,,,,,,0,,,,,,,,,,,,,,,,,,,,,,,,,,,,,,,,,,,,,,,
0.43KCl-0.57MgCl2,Trajectory,750,4.549588958,4.549588958,2.945381577,3.49437398,3.486959169,3.048098305,,,K-Cl,4.455658399,3.17625,0.396154488,4.80375,0.087903464,,,,,,,0,Mg-Cl,4.620448854,2.38875,1.519265524,3.43875,0.042059408,,,,,,,0,,,,,,,,,,,,,,,,,,,,,,,,,,,,,,,,,,,,,,,,,,,,,,,,,,,,
0.4903NaCl-0.5097CaCl2,Trajectory,800,4.67348544,4.67348544,2.839312311,2.91199158,2.911431027,2.852279269,,,Ca-Cl,5.086508948,2.70375,1.006373852,3.80625,0.044950435,,,,,,,0,Na-Cl,4.244119579,2.70375,0.53026415,4.22625,0.091251368,,,,,,,0,,,,,,,,,,,,,,,,,,,,,,,,,,,,,,,,,,,,,,,,,,,,,,,,,,,,
0.535LiCl-0.086NaCl-0.379KCl,Trajectory,650,4.519400044,4.519400044,2.813692127,3.484793668,3.476412405,2.879312088,,,K-Cl,4.670882957,3.12375,0.450110803,4.64625,0.069664472,,,,,,,0,Li-Cl,4.386341748,2.33625,1.19087368,3.43875,0.06211062,,,,,,,0,Na-Cl,4.679564752,2.70375,0.139338075,4.12125,0.01324002,,,,,,,0,,,,,,,,,,,,,,,,,,,,,,,,,,,,,,,,,,,,,,,
0.535NaCl-0.315MgCl2-0.15CaCl2,Trajectory,855,4.434761011,4.434761011,2.705916866,2.894222211,2.891533244,2.721764101,,,Ca-Cl,5.025659518,2.70375,0.282423643,3.91125,0.015055652,,,,,,,0,Mg-Cl,4.583768952,2.38875,0.785489513,3.38625,0.026861095,,,,,,,0,Na-Cl,4.181354885,2.75625,0.565181454,4.17375,0.10857392,,,,,,,0,,,,,,,,,,,,,,,,,,,,,,,,,,,,,,,,,,,,,,,
0.56NaCl-0.44MgCl2,Trajectory,750,4.379320717,4.379320717,2.712129308,3.102657549,3.096146657,2.754680224,,,Mg-Cl,4.602413285,2.38875,1.101113676,3.38625,0.034005357,,,,,,,0,Na-Cl,4.204033699,2.70375,0.603337474,4.17375,0.107832921,,,,,,,0,,,,,,,,,,,,,,,,,,,,,,,,,,,,,,,,,,,,,,,,,,,,,,,,,,,,
0.56NaCl-0.44MgCl2,Trajectory,760,4.401461764,4.401461764,2.7364767,3.128767092,3.122456859,2.779162007,,,Mg-Cl,4.608067897,2.38875,1.135741754,3.43875,0.033934568,,,,,,,0,Na-Cl,4.239128373,2.75625,0.602597699,4.17375,0.110428101,,,,,,,0,,,,,,,,,,,,,,,,,,,,,,,,,,,,,,,,,,,,,,,,,,,,,,,,,,,,
0.5LiCl-0.5KCl,Trajectory,738,4.5008788,4.5008788,2.838437179,3.66684952,3.659353608,2.920191659,,,K-Cl,4.622484717,3.07125,0.594495358,4.69875,0.091007915,,,,,,,0,Li-Cl,4.379272883,2.33625,1.096689088,3.64875,0.057212719,,,,,,,0,,,,,,,,,,,,,,,,,,,,,,,,,,,,,,,,,,,,,,,,,,,,,,,,,,,,
0.5LiCl-0.5KCl,Trajectory,760,4.433732473,4.433732473,2.837801698,3.601866458,3.59504908,2.914317885,,,K-Cl,4.576258975,3.12375,0.587987048,4.59375,0.09415488,,,,,,,0,Li-Cl,4.291205971,2.28375,1.090108856,3.54375,0.057397435,,,,,,,0,,,,,,,,,,,,,,,,,,,,,,,,,,,,,,,,,,,,,,,,,,,,,,,,,,,,
0.5LiCl-0.5KCl,Trajectory,938,4.287578552,4.287578552,2.805668345,3.442032542,3.438054556,2.873710654,,,K-Cl,4.360258017,3.07125,0.551694598,4.69875,0.101149663,,,,,,,0,Li-Cl,4.214899086,2.28375,1.03681611,3.59625,0.068605431,,,,,,,0,,,,,,,,,,,,,,,,,,,,,,,,,,,,,,,,,,,,,,,,,,,,,,,,,,,,
0.5NaCl-0.5KCl,Trajectory,1130,4.528286259,4.528286259,2.961276538,3.016517231,3.016386853,2.972653165,,,K-Cl,4.522952331,3.07125,0.564757564,4.80375,0.096988257,,,,,,,0,Na-Cl,4.533620186,2.65125,0.758377518,4.22625,0.083987094,,,,,,,0,,,,,,,,,,,,,,,,,,,,,,,,,,,,,,,,,,,,,,,,,,,,,,,,,,,,
0.5NaCl-0.5KCl,Trajectory,930,4.74265179,4.74265179,2.994142679,3.057922309,3.057696879,3.007123199,,,K-Cl,4.775987679,3.07125,0.609664558,4.75125,0.08872998,,,,,,,0,Na-Cl,4.7093159,2.70375,0.795792963,4.17375,0.076417108,,,,,,,0,,,,,,,,,,,,,,,,,,,,,,,,,,,,,,,,,,,,,,,,,,,,,,,,,,,,
0.5NaCl-0.5KCl,Trajectory,950,4.682269303,4.682269303,2.946844734,3.011739643,3.011524992,2.960282129,,,K-Cl,4.720205086,3.01875,0.594492573,4.75125,0.087755224,,,,,,,0,Na-Cl,4.644333521,2.65125,0.801381524,4.22625,0.075814282,,,,,,,0,,,,,,,,,,,,,,,,,,,,,,,,,,,,,,,,,,,,,,,,,,,,,,,,,,,,
0.60LiCl-0.40MgCl2,Trajectory,870,4.146597313,4.146597313,2.575808982,2.603800926,2.603618386,2.580435517,,,Li-Cl,3.876570718,2.33625,0.764674748,3.59625,0.115361237,,,,,,,0,Mg-Cl,4.551637204,2.38875,0.901885514,3.33375,0.035936553,,,,,,,0,,,,,,,,,,,,,,,,,,,,,,,,,,,,,,,,,,,,,,,,,,,,,,,,,,,,
0.68KCl-0.32MgCl2,Trajectory,903,4.578936985,4.578936985,3.102116576,3.697523146,3.691910804,3.165901615,,,K-Cl,4.564805557,3.12375,0.709415894,4.59375,0.138255928,,,,,,,0,Mg-Cl,4.60896627,2.33625,1.184247856,3.28125,0.013812945,,,,,,,0,,,,,,,,,,,,,,,,,,,,,,,,,,,,,,,,,,,,,,,,,,,,,,,,,,,,
1.00CsCl,Trajectory,935,5.472219001,5.472219001,5.472219001,5.472219001,5.472219001,5.472219001,,,Cs-Cl,5.472219001,3.38625,1.21451042,5.22375,0.151699939,,,,,,,0,,,,,,,,,,,,,,,,,,,,,,,,,,,,,,,,,,,,,,,,,,,,,,,,,,,,,,,,,,,,,,,,,
1.00KCl,Trajectory,1060,4.918755643,4.918755643,4.918755643,4.918755643,4.918755643,4.918755643,,,K-Cl,4.918755643,3.01875,1.184777355,4.69875,0.152996595,,,,,,,0,,,,,,,,,,,,,,,,,,,,,,,,,,,,,,,,,,,,,,,,,,,,,,,,,,,,,,,,,,,,,,,,,
1.00LiCl,Trajectory,900,4.126113455,4.126113455,4.126113455,4.126113455,4.126113455,4.126113455,,,Li-Cl,4.126113455,2.33625,1.344653207,3.49125,0.169429767,,,,,,,0,,,,,,,,,,,,,,,,,,,,,,,,,,,,,,,,,,,,,,,,,,,,,,,,,,,,,,,,,,,,,,,,,
1.00MgCl2,Trajectory,1000,4.566354841,4.566354841,4.566354841,4.566354841,4.566354841,4.566354841,,,Mg-Cl,4.566354841,2.38875,1.983629106,3.33375,0.077359164,,,,,,,0,,,,,,,,,,,,,,,,,,,,,,,,,,,,,,,,,,,,,,,,,,,,,,,,,,,,,,,,,,,,,,,,,
1.00NaCl,Trajectory,1090,4.419755488,4.419755488,4.419755488,4.419755488,4.419755488,4.419755488,,,Na-Cl,4.419755488,2.65125,1.188143449,4.12125,0.167008551,,,,,,,0,,,,,,,,,,,,,,,,,,,,,,,,,,,,,,,,,,,,,,,,,,,,,,,,,,,,,,,,,,,,,,,,,
1.00RbCl,Trajectory,1015,5.16211872,5.16211872,5.16211872,5.16211872,5.16211872,5.16211872,,,Rb-Cl,5.16211872,3.22875,1.197770998,4.90875,0.154074836,,,,,,,0,,,,,,,,,,,,,,,,,,,,,,,,,,,,,,,,,,,,,,,,,,,,,,,,,,,,,,,,,,,,,,,,,
Li-6_1.00LiCl,Trajectory,900,4.126113455,4.126113455,4.126113455,4.126113455,4.126113455,4.126113455,,,Li-Cl,4.126113455,2.33625,1.344653207,3.49125,0.169429767,,,,,,,0,,,,,,,,,,,,,,,,,,,,,,,,,,,,,,,,,,,,,,,,,,,,,,,,,,,,,,,,,,,,,,,,,
Li-7_1.00LiCl,Trajectory,900,4.120433913,4.120433913,4.120433913,4.120433913,4.120433913,4.120433913,,,Li-Cl,4.120433913,2.33625,1.344492235,3.54375,0.168680759,,,,,,,0,,,,,,,,,,,,,,,,,,,,,,,,,,,,,,,,,,,,,,,,,,,,,,,,,,,,,,,,,,,,,,,,,
