Mode_Index,Frequency_cm-1,Type,Participation_Ratio
0,101.69700135138758j,Real,0.008356307598355928
1,69.77220304918225j,Real,0.010149195991106651
2,63.18884423257866j,Real,0.025912808696968295
3,59.379580778529586j,Real,0.07244311668062664
4,58.17394499533519j,Real,0.03895137377175171
5,57.52824399013493j,Real,0.049995999604148696
6,56.22934770452338j,Real,0.028606470950964562
7,55.98511691145511j,Real,0.031096655180633547
8,53.90779209262928j,Real,0.08337494124427522
9,53.114231335829764j,Real,0.044214250478347164
10,51.6927185750043j,Real,0.07309551506793488
11,51.44363233050502j,Real,0.02991404613018508
12,50.73293324168246j,Real,0.09559179607763173
13,49.80132531687904j,Real,0.18987193473524308
14,49.201166259804026j,Real,0.11762591989182607
15,47.99202688217285j,Real,0.11620597002818951
16,47.2758958392696j,Real,0.07008550851620307
17,46.16317765904297j,Real,0.22703179548993427
18,45.199304568503905j,Real,0.11191955038011306
19,44.85485669634278j,Real,0.07415948557316675
20,44.46461524526428j,Real,0.20057121990327229
21,43.98545833302876j,Real,0.1146618125975944
22,43.28997706725226j,Real,0.10597378874274087
23,42.60219158045466j,Real,0.19467524022247806
24,41.913653052735896j,Real,0.1587260689453019
25,40.99376363590054j,Real,0.15731533569465594
26,40.3041761849012j,Real,0.16172789296852033
27,39.451488845315126j,Real,0.18856576992649882
28,38.20017682791673j,Real,0.135907556658898
29,36.965605577122105j,Real,0.2128493318413816
30,36.466142069473825j,Real,0.188215369792084
31,35.548325363052726j,Real,0.2284783737625434
32,34.51252772235584j,Real,0.20193290097994648
33,33.621717878966805j,Real,0.2117087223648495
34,32.84950697296316j,Real,0.1329461194419719
35,32.35219447602057j,Real,0.2778975390891584
36,31.99142913242788j,Real,0.16034822435311225
37,31.713666026466214j,Real,0.265959720085054
38,30.612859093753894j,Real,0.2790792624560795
39,29.651370600886654j,Real,0.16722410241169408
40,28.604600150872994j,Real,0.18963039410046773
41,28.295566166521308j,Real,0.3217491708396839
42,27.611904011306002j,Real,0.30544727040034975
43,26.83035741105475j,Real,0.343124306593129
44,25.705972305242422j,Real,0.29316043158870103
45,25.3658914272212j,Real,0.304268474811692
46,24.245848016051013j,Real,0.2783638634992123
47,23.64678182048614j,Real,0.260743002718414
48,23.29035896324423j,Real,0.3309490127757536
49,22.59606651319081j,Real,0.3681372039212418
50,22.024370900201223j,Real,0.43069238000619076
51,20.13067436491096j,Real,0.30728316097026553
52,19.05315252862431j,Real,0.3412930797715785
53,18.966908136185143j,Real,0.3179027643904025
54,17.656995260134135j,Real,0.4436965024397292
55,16.609769030151732j,Real,0.4103522810351217
56,15.85957046404189j,Real,0.411800831817565
57,15.186765025052134j,Real,0.34274533661571105
58,13.895266492138688j,Real,0.3934124663187185
59,12.821827966917052j,Real,0.33397979239784864
60,12.088519360936676j,Real,0.31975066781613604
61,9.804290417551446j,Real,0.30426392803434976
62,8.984296692663843j,Real,0.4336570508388911
63,4.5629649099437675j,Real,0.3720887631750429
64,3.4419872316061118j,Real,0.4107424189215451
65,0.2446255160497895j,Real,0.9999836436268925
66,0.09703223727868233j,Real,0.9999913632136068
67,(0.1302025744950027+0j),Real,0.9999741566337614
68,(3.0914972970555614+0j),Real,0.4361498778366335
69,(7.056272331493791+0j),Real,0.40628630884097616
70,(11.02388795070451+0j),Real,0.44513606429161195
71,(11.306868047865564+0j),Real,0.38901662333832937
72,(12.128883256999995+0j),Real,0.4682289640556949
73,(13.180579406575713+0j),Real,0.3933156330866541
74,(14.200905380562167+0j),Real,0.47459645053076366
75,(14.878617307138304+0j),Real,0.41974298856365877
76,(15.511354070398804+0j),Real,0.39924441493884666
77,(16.023648334654176+0j),Real,0.5876673864740917
78,(16.484641141299292+0j),Real,0.346608978695873
79,(17.80983388799432+0j),Real,0.5460125417514927
80,(18.0261513608261+0j),Real,0.5051847487090965
81,(19.15529707435057+0j),Real,0.3955590373881165
82,(19.47841473793565+0j),Real,0.44230891119694443
83,(20.286624236317774+0j),Real,0.48162195057673524
84,(20.86047557663902+0j),Real,0.3998005922352093
85,(21.38445291933192+0j),Real,0.48661577064794154
86,(21.551760444293077+0j),Real,0.3716889798730003
87,(22.637138153516414+0j),Real,0.5702095905050116
88,(23.287731993438342+0j),Real,0.5023537052176118
89,(23.414357571810836+0j),Real,0.41907750108204816
90,(23.939420045791746+0j),Real,0.5708284203968579
91,(24.636292805921723+0j),Real,0.5119560258745619
92,(24.94943045297069+0j),Real,0.3707745367508637
93,(25.450339622716047+0j),Real,0.6070447410745401
94,(25.99130709545667+0j),Real,0.3341196079514737
95,(26.646418042669357+0j),Real,0.46578763811259966
96,(27.09362626909492+0j),Real,0.47457632035637387
97,(27.775942975805965+0j),Real,0.3566670659111418
98,(28.053752350057913+0j),Real,0.4348316310841124
99,(28.68547508500978+0j),Real,0.4597123863935548
100,(28.905805923861124+0j),Real,0.4004555458846496
101,(29.15562608645606+0j),Real,0.4459375855035007
102,(29.835171485161723+0j),Real,0.5496011028517178
103,(30.128393763069255+0j),Real,0.4783894997140367
104,(30.609374356734754+0j),Real,0.44853526165068847
105,(31.095766952378785+0j),Real,0.36395403456229813
106,(31.44554058912216+0j),Real,0.4102521703566863
107,(31.711238345681842+0j),Real,0.45181346170896336
108,(31.841142213761977+0j),Real,0.5906331857856758
109,(32.526543583493996+0j),Real,0.4279393561895177
110,(32.80010298572284+0j),Real,0.5146024967244868
111,(32.86338350728137+0j),Real,0.4480822715334439
112,(33.11322490303523+0j),Real,0.5168170920051959
113,(33.731547427324536+0j),Real,0.4720355055583382
114,(33.95344319168014+0j),Real,0.5085831338257938
115,(34.713430858826996+0j),Real,0.43025829658395565
116,(35.18121657736213+0j),Real,0.4085513311349201
117,(35.417175055021126+0j),Real,0.5055113380280967
118,(35.497640927368835+0j),Real,0.47723389959389456
119,(36.17973468484865+0j),Real,0.48857041281498276
120,(36.65650060427212+0j),Real,0.1818513876660443
121,(36.8073888885148+0j),Real,0.4545139783707505
122,(37.26324285126161+0j),Real,0.45112716718594564
123,(37.45968375252754+0j),Real,0.4069279254653862
124,(37.7624984476725+0j),Real,0.4523694795331908
125,(38.267175676581736+0j),Real,0.4809439294527666
126,(38.45498858099398+0j),Real,0.6501956900833888
127,(38.58432792345188+0j),Real,0.41321417590748244
128,(39.045685732752716+0j),Real,0.5008123374915364
129,(39.82498987884151+0j),Real,0.3335728817199973
130,(40.022389065368436+0j),Real,0.4450327747653144
131,(40.1532564091779+0j),Real,0.284114548423547
132,(40.803692259985475+0j),Real,0.40032554569939766
133,(40.90807317556459+0j),Real,0.39276295152871826
134,(41.15643293259105+0j),Real,0.4222340303383219
135,(41.496467537710906+0j),Real,0.4937593985218256
136,(41.81238905048311+0j),Real,0.4496001297183973
137,(41.92841790936869+0j),Real,0.5011368410503138
138,(42.45663518062304+0j),Real,0.504433970675842
139,(42.810834832732496+0j),Real,0.4663016731556225
140,(43.34147220854119+0j),Real,0.43881366929678706
141,(43.727504653587516+0j),Real,0.3552471543382836
142,(44.13677376242263+0j),Real,0.42095137606344263
143,(44.283945420551206+0j),Real,0.5433724455288876
144,(44.57182665989624+0j),Real,0.41644973762704085
145,(44.763052339728844+0j),Real,0.4324177935695292
146,(45.21786877084202+0j),Real,0.3726528377680299
147,(45.27455729130467+0j),Real,0.3324436659078758
148,(45.73304730469954+0j),Real,0.40578534069446104
149,(46.044943753785454+0j),Real,0.44502308207432545
150,(46.30457634809835+0j),Real,0.4305679824795903
151,(46.84125671587716+0j),Real,0.4531365832546776
152,(47.3780093531428+0j),Real,0.46064298119966196
153,(47.729038004810455+0j),Real,0.51770496840131
154,(47.85811203417243+0j),Real,0.5583632439936688
155,(47.96371647494837+0j),Real,0.43886339889648024
156,(48.48548123835849+0j),Real,0.4120708975709485
157,(48.662666955500065+0j),Real,0.4735762459437989
158,(48.8655777704874+0j),Real,0.40757324365764114
159,(49.24244429147152+0j),Real,0.3449144034295302
160,(49.8133765775937+0j),Real,0.44363192075762464
161,(50.30428711551556+0j),Real,0.48639441944101336
162,(50.48726628485326+0j),Real,0.38407192712666405
163,(50.673416531105744+0j),Real,0.18535072963026517
164,(50.786837724744466+0j),Real,0.4260307946409438
165,(51.12096698929704+0j),Real,0.410190966342425
166,(51.39792114002253+0j),Real,0.3932314862389441
167,(51.52911660302099+0j),Real,0.35552578986010286
168,(51.85160135618632+0j),Real,0.4277345323270839
169,(51.97229267374606+0j),Real,0.44764984674781394
170,(52.43455927210344+0j),Real,0.3358495880077292
171,(52.54817881434997+0j),Real,0.4632720461249513
172,(52.95039926396756+0j),Real,0.4445555869684602
173,(53.259670029448394+0j),Real,0.4490987835559857
174,(53.46676828059439+0j),Real,0.49772542054783053
175,(53.859265277995604+0j),Real,0.3585542127400742
176,(54.100743348515834+0j),Real,0.3918333331344158
177,(54.2942618796174+0j),Real,0.44149513493746056
178,(54.86070219450465+0j),Real,0.4063478352185206
179,(55.096209271852075+0j),Real,0.4834039640889491
180,(55.70080918552558+0j),Real,0.4530561816120684
181,(55.75188028734114+0j),Real,0.43791873669807546
182,(55.91459809296196+0j),Real,0.42408911891756196
183,(56.13847573996548+0j),Real,0.44019299749090607
184,(56.49949946206718+0j),Real,0.3192075783306245
185,(56.69299604072842+0j),Real,0.4224824884160248
186,(57.2806147291903+0j),Real,0.41230682441850053
187,(57.37442720473901+0j),Real,0.39952201649441405
188,(57.73641979536451+0j),Real,0.4977609434819304
189,(57.85808997825664+0j),Real,0.3325620953783551
190,(58.30483462117134+0j),Real,0.3974916580556549
191,(58.45583117725319+0j),Real,0.5153425312358062
192,(58.58643124914042+0j),Real,0.3165712736218401
193,(59.081917772033265+0j),Real,0.42544164466251744
194,(59.20131398990148+0j),Real,0.3823098851787636
195,(59.304551847153064+0j),Real,0.3458523523336652
196,(59.404055134980666+0j),Real,0.42552665817014246
197,(59.8920320724385+0j),Real,0.39942597746565367
198,(60.1182445487359+0j),Real,0.3298563295182119
199,(60.434895120279926+0j),Real,0.31869240397897974
200,(60.51173662187119+0j),Real,0.2974014544944229
201,(60.89010366471179+0j),Real,0.44119991662570773
202,(60.9806385143433+0j),Real,0.47193494512175466
203,(61.398512028149355+0j),Real,0.470673277474592
204,(61.68353968571407+0j),Real,0.38396124861227326
205,(62.05881891802565+0j),Real,0.4279190453470807
206,(62.36837383338043+0j),Real,0.4136886569702397
207,(62.601534533000084+0j),Real,0.4439241440722167
208,(62.708622054584495+0j),Real,0.35639272363423624
209,(63.079428287532735+0j),Real,0.4316004545172156
210,(63.30357947407619+0j),Real,0.28671026476640554
211,(63.55180113263116+0j),Real,0.3311114815757366
212,(63.736875675732655+0j),Real,0.38471093442693155
213,(63.97902881242708+0j),Real,0.5422061900081888
214,(64.15220830618979+0j),Real,0.3975770889796275
215,(64.72484327631255+0j),Real,0.444110946061702
216,(64.85938916069341+0j),Real,0.48252418488800963
217,(65.13047127473074+0j),Real,0.4400482053027384
218,(65.31519924486577+0j),Real,0.3370846122256101
219,(65.47508300498247+0j),Real,0.4146657527018127
220,(65.94387501897144+0j),Real,0.46363452190446425
221,(66.40071712624935+0j),Real,0.5372913089300321
222,(66.60259976028468+0j),Real,0.3740966201885483
223,(66.93159806180945+0j),Real,0.4962566214203906
224,(67.07956188045306+0j),Real,0.2981874971008647
225,(67.39742516033863+0j),Real,0.4427044701319555
226,(67.71742960259424+0j),Real,0.46567516523387537
227,(67.92332183836987+0j),Real,0.29762336273191237
228,(68.11106162935498+0j),Real,0.36927137266616844
229,(68.380647884272+0j),Real,0.3279623549721633
230,(68.76356983903061+0j),Real,0.4917501002551411
231,(69.13491918378243+0j),Real,0.4862903415787329
232,(69.49343400419886+0j),Real,0.4391757163408414
233,(69.81462735568887+0j),Real,0.32762332453636844
234,(69.95202879646394+0j),Real,0.5010382542851798
235,(70.05738470743351+0j),Real,0.4095217328772822
236,(70.73759425715065+0j),Real,0.41757020047197424
237,(71.13057590181741+0j),Real,0.36925978174466556
238,(71.27234079751754+0j),Real,0.40696315742602024
239,(71.3535583720961+0j),Real,0.40788919970298476
240,(71.6112922450291+0j),Real,0.4010521815026593
241,(71.90028426948629+0j),Real,0.4065982218909329
242,(72.28811585429867+0j),Real,0.36943558255450454
243,(72.47802916213708+0j),Real,0.4669535924901063
244,(72.83213592463822+0j),Real,0.39355599056899265
245,(72.92727469675827+0j),Real,0.38105429853191664
246,(73.10583764328655+0j),Real,0.4445565658109474
247,(73.3899799871956+0j),Real,0.4388758907260809
248,(73.6690431127394+0j),Real,0.5115614282118418
249,(74.27481316301454+0j),Real,0.5035807066597754
250,(74.55005601460036+0j),Real,0.42620881694611523
251,(74.83495094590516+0j),Real,0.37661143235689537
252,(75.23018744737297+0j),Real,0.49261065013486416
253,(75.43641256030133+0j),Real,0.45369859659434114
254,(75.64389410184087+0j),Real,0.434611106777969
255,(75.93091799273304+0j),Real,0.4586715188657487
256,(76.21634942328669+0j),Real,0.41488302293953255
257,(76.41582740797236+0j),Real,0.49397372893941155
258,(76.57140381021607+0j),Real,0.45866472760288374
259,(76.98018994548161+0j),Real,0.47556637966041665
260,(77.52444902274324+0j),Real,0.4511774819238611
261,(77.64292898803494+0j),Real,0.49203249228188184
262,(77.94816428718482+0j),Real,0.4307732136232746
263,(78.32388082047927+0j),Real,0.4788415554499912
264,(78.5075784490303+0j),Real,0.4289262145311675
265,(78.66204337580423+0j),Real,0.47692193280088097
266,(78.89088824604174+0j),Real,0.4090399322101324
267,(79.4578352925903+0j),Real,0.4349277277975833
268,(79.48924819332288+0j),Real,0.4216431296572353
269,(79.71608248633287+0j),Real,0.4903256898229665
270,(79.85318791095433+0j),Real,0.4684226501167863
271,(80.56805431042456+0j),Real,0.4047589282590291
272,(80.95321028200917+0j),Real,0.44544569933663297
273,(81.09519219570046+0j),Real,0.4515506364838602
274,(81.26175550820712+0j),Real,0.4181602755311438
275,(81.68382330662406+0j),Real,0.42329157873701717
276,(82.12362223397149+0j),Real,0.4269990242911837
277,(82.21768903986532+0j),Real,0.37225799743327365
278,(82.61179669218552+0j),Real,0.4998030499448703
279,(82.71618948787543+0j),Real,0.4448995744967782
280,(82.8685089559401+0j),Real,0.41238983486592834
281,(83.06204788487766+0j),Real,0.3274660181010556
282,(83.3559179013552+0j),Real,0.3323009619086851
283,(83.68787210188148+0j),Real,0.3420816273488903
284,(84.0629953581015+0j),Real,0.490483057871824
285,(84.18584828515893+0j),Real,0.42342259636244617
286,(84.53679867876541+0j),Real,0.4104992262056347
287,(84.85301172772482+0j),Real,0.4031782758589316
288,(84.88372672006012+0j),Real,0.3985325722678389
289,(85.2971485147231+0j),Real,0.4507982381387621
290,(85.52837480355211+0j),Real,0.4519085922897952
291,(86.13369046724685+0j),Real,0.49545524103801786
292,(86.21896546293738+0j),Real,0.44851466849396593
293,(86.54746186206137+0j),Real,0.4037849996720236
294,(86.81780725681848+0j),Real,0.3132582134329377
295,(87.19637802441032+0j),Real,0.4212245922133211
296,(87.34189524404009+0j),Real,0.32458463006425203
297,(87.47561987306548+0j),Real,0.3449271513788388
298,(87.8615267103338+0j),Real,0.407552914509904
299,(87.95850392315154+0j),Real,0.4231163536916384
300,(88.38616556372683+0j),Real,0.4058601228196723
301,(88.75117198650467+0j),Real,0.4471528420941317
302,(89.16724944522473+0j),Real,0.4320245154110974
303,(89.43690794012163+0j),Real,0.30598633419201104
304,(89.52925653460133+0j),Real,0.3286734454053801
305,(90.16784504464059+0j),Real,0.4073275312736678
306,(90.26860680995793+0j),Real,0.3340307984907366
307,(90.37999578128043+0j),Real,0.5142079861929918
308,(90.50615757027691+0j),Real,0.47631570921241934
309,(90.79088847705573+0j),Real,0.5016573689365054
310,(90.96956935317901+0j),Real,0.47269868014479227
311,(91.51493985502385+0j),Real,0.44989444097723
312,(91.94922573244853+0j),Real,0.43963433786347017
313,(92.20831142705028+0j),Real,0.4459480176240889
314,(92.34735161100498+0j),Real,0.424547714535213
315,(92.53578509639209+0j),Real,0.41972214529852636
316,(92.81635320416166+0j),Real,0.4269614937301819
317,(93.12432583126981+0j),Real,0.47806777183354604
318,(93.33974661558874+0j),Real,0.4606841410136951
319,(93.71930983358124+0j),Real,0.37372681858210016
320,(93.8868315089787+0j),Real,0.37813510473480955
321,(94.31303089567837+0j),Real,0.4676230250300185
322,(94.68159399446223+0j),Real,0.43060342460402906
323,(94.94362221007336+0j),Real,0.4091343219748549
324,(95.20957031563388+0j),Real,0.5095111814277072
325,(95.44229233763659+0j),Real,0.4275115734664748
326,(95.6616267391257+0j),Real,0.4815747027195151
327,(95.89914240438044+0j),Real,0.47538615830062453
328,(96.06868936337074+0j),Real,0.41514516966060566
329,(96.17538391118198+0j),Real,0.4015101381791038
330,(96.91859649712268+0j),Real,0.4060916065584549
331,(97.08522653646023+0j),Real,0.48905851291620434
332,(97.31952282065635+0j),Real,0.3234596741571303
333,(97.50887748092964+0j),Real,0.4654413225041568
334,(97.68653640456164+0j),Real,0.39729190445810714
335,(97.98238234174427+0j),Real,0.3721430471522179
336,(98.39158689767605+0j),Real,0.4995956803745886
337,(98.5875843025408+0j),Real,0.44956681092190764
338,(99.03398489469603+0j),Real,0.4009366652267417
339,(99.33974931610939+0j),Real,0.4051349797025022
340,(99.45526527485251+0j),Real,0.3943171131785418
341,(99.72697436862416+0j),Real,0.4737788578270792
342,(99.96717616884213+0j),Real,0.39240204140979906
343,(100.40665522683081+0j),Real,0.3698327460415958
344,(100.65636313029343+0j),Real,0.38844172144181993
345,(100.8196546524227+0j),Real,0.40931798078117315
346,(101.32989688166137+0j),Real,0.42942693729846954
347,(101.79876814302712+0j),Real,0.40171178719865164
348,(101.96110110128367+0j),Real,0.36352099892679496
349,(102.24233853619526+0j),Real,0.3207819015397038
350,(102.56769424421125+0j),Real,0.4094202983272766
351,(102.83484792680851+0j),Real,0.3803668680331432
352,(103.25595370492013+0j),Real,0.37912292517312846
353,(103.65100242216889+0j),Real,0.46059208167432175
354,(104.00031785598878+0j),Real,0.4073770244696291
355,(104.2167247577615+0j),Real,0.41986802928921335
356,(104.6226035036322+0j),Real,0.33921185929667086
357,(104.83313615355107+0j),Real,0.38421468418063454
358,(105.11991504180978+0j),Real,0.34230969107369713
359,(105.34601961499374+0j),Real,0.4980770369702423
360,(105.90386353418322+0j),Real,0.43862329508656817
361,(106.18694559893441+0j),Real,0.4195891850253868
362,(106.2062462296997+0j),Real,0.47768959915975434
363,(106.7638636465002+0j),Real,0.3979251563561211
364,(107.0558593239268+0j),Real,0.4395127865691653
365,(107.5120919099045+0j),Real,0.45724533502517756
366,(107.64201864115807+0j),Real,0.32146818551997974
367,(107.79071865334994+0j),Real,0.49431246346512847
368,(108.03659862521198+0j),Real,0.39504899833925416
369,(108.37398560233382+0j),Real,0.45583557010452
370,(108.76764814931401+0j),Real,0.4119064966998777
371,(109.02198527119232+0j),Real,0.47276469729103654
372,(109.25803669399303+0j),Real,0.4895537091303256
373,(109.73896625342798+0j),Real,0.4492584666607525
374,(110.2937690396286+0j),Real,0.3533096480552264
375,(110.79930385804506+0j),Real,0.4140322692472979
376,(111.19545067862708+0j),Real,0.44619909476039965
377,(111.4356434691889+0j),Real,0.3933517470616776
378,(111.60734772768959+0j),Real,0.3403511268074301
379,(111.93500552732813+0j),Real,0.3575178486907039
380,(112.15150226204273+0j),Real,0.4361749653074216
381,(112.35682818981584+0j),Real,0.3848742607994572
382,(112.85235109207552+0j),Real,0.3082793683154623
383,(112.9565400199759+0j),Real,0.4619735554287427
384,(113.50709595788553+0j),Real,0.4418632532705332
385,(113.6369891867152+0j),Real,0.3567482113459398
386,(114.13607974296876+0j),Real,0.38591522260044464
387,(114.42466984652924+0j),Real,0.3976248773025425
388,(114.56560808645396+0j),Real,0.4332656924731396
389,(114.6546642633056+0j),Real,0.34437031615208613
390,(115.31387071561782+0j),Real,0.3367468570435806
391,(115.83066090126634+0j),Real,0.39300399316076
392,(115.97505752022924+0j),Real,0.3396824171468675
393,(116.33023007028387+0j),Real,0.36257311836614126
394,(116.57548440535797+0j),Real,0.4364206192210744
395,(116.77739834038547+0j),Real,0.409986709526686
396,(117.12200732978658+0j),Real,0.3922504921927086
397,(117.47447910139346+0j),Real,0.3971485379954558
398,(117.54614848561663+0j),Real,0.3517526346536432
399,(118.42074524485318+0j),Real,0.1704217528684966
400,(118.73780073756069+0j),Real,0.3175226438805296
401,(119.0851219663671+0j),Real,0.444713176727596
402,(119.50505075658845+0j),Real,0.500129696864223
403,(119.86745768710684+0j),Real,0.37426967358332364
404,(119.98997858000786+0j),Real,0.37488499479957343
405,(120.21284737769132+0j),Real,0.31497088674866053
406,(120.86742956996339+0j),Real,0.4683245507271565
407,(121.34900714102265+0j),Real,0.3608959670731078
408,(121.59150149115115+0j),Real,0.42334047199872943
409,(121.67855658899556+0j),Real,0.32048654479447525
410,(122.04067966316286+0j),Real,0.46544342696843827
411,(122.32405717181345+0j),Real,0.3552751602135216
412,(122.47750746266769+0j),Real,0.4250970321696255
413,(123.00397089601371+0j),Real,0.3919609769209714
414,(123.18221056526163+0j),Real,0.29512532233948746
415,(123.5133634542243+0j),Real,0.300168820292106
416,(123.76842090010022+0j),Real,0.3816154346088754
417,(123.9578461622927+0j),Real,0.42940397167796335
418,(124.25807979161418+0j),Real,0.40184295425923755
419,(124.80951415270971+0j),Real,0.41331869578238095
420,(124.91515157328885+0j),Real,0.2963826092101121
421,(125.46409303993649+0j),Real,0.363402486238651
422,(125.75339011531256+0j),Real,0.3963478194607985
423,(125.9133418914091+0j),Real,0.3527206934674515
424,(126.18458010688568+0j),Real,0.2093899849955422
425,(126.73856181429498+0j),Real,0.5104595183593056
426,(127.30088773605071+0j),Real,0.2960840225505808
427,(127.44291168572772+0j),Real,0.4579284361871685
428,(127.9214004055543+0j),Real,0.38457994578712096
429,(128.2715043865958+0j),Real,0.4171367678647707
430,(128.4666185418127+0j),Real,0.29737680704040154
431,(128.6516255751983+0j),Real,0.32775333274894863
432,(128.88711900487405+0j),Real,0.39087129205321447
433,(129.20260220307938+0j),Real,0.43081779773921236
434,(129.50063070243138+0j),Real,0.4252617766336645
435,(129.6671108897072+0j),Real,0.4799119736666408
436,(130.07417836288636+0j),Real,0.22978378195804164
437,(130.45877830782177+0j),Real,0.3548893308981224
438,(130.74934644676773+0j),Real,0.41530851324693985
439,(131.2761778996884+0j),Real,0.42141930113938875
440,(131.60743044210042+0j),Real,0.47232733167654006
441,(131.69090153244576+0j),Real,0.456820181305379
442,(132.21948217772552+0j),Real,0.43953975682914415
443,(132.57653564973896+0j),Real,0.35912896690461105
444,(132.75138425717913+0j),Real,0.26890769910957335
445,(132.94037227918236+0j),Real,0.4500496894446781
446,(133.46540956544902+0j),Real,0.40511501727225663
447,(133.52370361330907+0j),Real,0.4024233129216649
448,(133.89901613965742+0j),Real,0.446077529457549
449,(134.4471683764874+0j),Real,0.47832318273172325
450,(134.55496782531011+0j),Real,0.27984497954284865
451,(135.21727066583657+0j),Real,0.34612265161416617
452,(135.38776473731735+0j),Real,0.33812628915684445
453,(135.6999511901966+0j),Real,0.3609021898509951
454,(135.77579607242936+0j),Real,0.430650397591076
455,(136.40767190902042+0j),Real,0.173439508801665
456,(136.53335262724826+0j),Real,0.356833597373501
457,(137.0220961731852+0j),Real,0.32827495298362697
458,(137.29788783842795+0j),Real,0.35085425689816496
459,(137.46540418959748+0j),Real,0.3275564588971397
460,(137.6764649832406+0j),Real,0.33951922563709525
461,(138.19101884516593+0j),Real,0.37459772175684164
462,(138.8771726730217+0j),Real,0.2508354764276872
463,(139.46269895104183+0j),Real,0.45895921463519385
464,(139.49356224282624+0j),Real,0.39814317644927166
465,(139.8288469613985+0j),Real,0.4543171841118483
466,(139.9814893266749+0j),Real,0.4828218502846426
467,(140.08710044824534+0j),Real,0.3027777376505548
468,(140.6800818061904+0j),Real,0.43522904601887136
469,(140.9012598636868+0j),Real,0.3628023634994895
470,(141.4387860925816+0j),Real,0.2207332922991081
471,(141.86215409208145+0j),Real,0.3545488137169121
472,(141.91807459721193+0j),Real,0.3493926498968761
473,(142.17298520614753+0j),Real,0.4090453606400948
474,(142.71499432617162+0j),Real,0.39167319032886255
475,(143.3204964019961+0j),Real,0.29592472398471015
476,(143.60683630410006+0j),Real,0.21777930317464242
477,(143.81666265375418+0j),Real,0.36136709760715735
478,(144.1533899292511+0j),Real,0.21594776572504926
479,(144.5198930446399+0j),Real,0.23589691322631282
480,(144.90253279592162+0j),Real,0.3831829314684314
481,(145.1064751835048+0j),Real,0.2931512026755464
482,(145.3531062329146+0j),Real,0.337416907237455
483,(145.44406622711352+0j),Real,0.5159104547134504
484,(146.41444942741802+0j),Real,0.3423380683897481
485,(146.78181274454656+0j),Real,0.36675136274192655
486,(147.1041871644908+0j),Real,0.37362241260569373
487,(147.46169987066864+0j),Real,0.36683165970290044
488,(147.7051487621364+0j),Real,0.2023302083422997
489,(147.93537029952944+0j),Real,0.3585119166105604
490,(148.5878826242436+0j),Real,0.35305398882192307
491,(148.81059465094074+0j),Real,0.21334626563164652
492,(149.60490320843414+0j),Real,0.3626450530510893
493,(149.62481361753697+0j),Real,0.4048441563409403
494,(149.99140996511264+0j),Real,0.23967234553036737
495,(150.35909817441922+0j),Real,0.33156081160645023
496,(150.5274234484754+0j),Real,0.2832215339222099
497,(150.99342473699866+0j),Real,0.3340905008036493
498,(151.31179025998446+0j),Real,0.19287153583168912
499,(151.7359239298969+0j),Real,0.28764498389444537
500,(152.0079833260998+0j),Real,0.36486635741241646
501,(152.20730257532685+0j),Real,0.35442214356739427
502,(152.3467843534664+0j),Real,0.21944222324308763
503,(152.9762163619993+0j),Real,0.3900642443781474
504,(153.36323998659668+0j),Real,0.21500649196593302
505,(153.5168872592333+0j),Real,0.4444746712394104
506,(153.90727847579095+0j),Real,0.360331060215873
507,(154.2966599297411+0j),Real,0.23150553280711963
508,(154.60050015534344+0j),Real,0.32575046304326283
509,(154.81338364461567+0j),Real,0.2723862390684285
510,(155.19068628826636+0j),Real,0.3750722327140459
511,(155.75350390585047+0j),Real,0.333203337238225
512,(156.0582963386721+0j),Real,0.11692203647380013
513,(156.4705082200241+0j),Real,0.2487954293488164
514,(156.8894768757181+0j),Real,0.2675211404711539
515,(157.11300242274618+0j),Real,0.35249164366110514
516,(157.47823180504056+0j),Real,0.3529662291879902
517,(157.88046310018512+0j),Real,0.32296892492569323
518,(158.37583436236812+0j),Real,0.1438258639445468
519,(158.79899450436127+0j),Real,0.26199725404242813
520,(159.07219884423142+0j),Real,0.30850591882379064
521,(159.28903522856234+0j),Real,0.39472319952056345
522,(159.80978788477384+0j),Real,0.23706680175457193
523,(160.76927003645392+0j),Real,0.2932373584437897
524,(160.86184037059772+0j),Real,0.32789723413220234
525,(161.17009245453042+0j),Real,0.25591723158659724
526,(161.808092476143+0j),Real,0.17999223473751413
527,(162.02667748608275+0j),Real,0.2750871904196952
528,(162.67417482967363+0j),Real,0.23596964124408484
529,(163.18489766786115+0j),Real,0.0916922599120562
530,(163.59667903818254+0j),Real,0.1524829362203153
531,(163.8471718967885+0j),Real,0.21940860359211728
532,(164.1173262375165+0j),Real,0.2207807858661644
533,(164.54016581664462+0j),Real,0.20371222113819926
534,(165.33944038801675+0j),Real,0.20252387606979563
535,(165.8063481405677+0j),Real,0.222512949387908
536,(165.94127655327082+0j),Real,0.28004855315390953
537,(166.23756908750127+0j),Real,0.06905074936713561
538,(166.68458457036803+0j),Real,0.16693171154143663
539,(167.44073772112594+0j),Real,0.11210377348032446
540,(167.88671993045355+0j),Real,0.17849026899098103
541,(168.24994524711184+0j),Real,0.24970488602047058
542,(168.60044814472016+0j),Real,0.2725789334586387
543,(169.3309353419205+0j),Real,0.2909661545169771
544,(169.37228130739197+0j),Real,0.2477999995923126
545,(169.79218565363138+0j),Real,0.21164801953760212
546,(170.39745617697722+0j),Real,0.21853858080455663
547,(170.95559830915414+0j),Real,0.1310382977672024
548,(171.96424725828567+0j),Real,0.1987307226499379
549,(172.4684662202456+0j),Real,0.18515848047344569
550,(173.33741596185507+0j),Real,0.18572066870784007
551,(173.546146565283+0j),Real,0.2225365279094403
552,(174.08205734190034+0j),Real,0.19622833067128695
553,(174.5508338504762+0j),Real,0.16780246047519562
554,(175.00881580497438+0j),Real,0.22528390951709906
555,(175.65243962665213+0j),Real,0.10912166389077224
556,(177.23441923335474+0j),Real,0.13494128643345363
557,(177.42494070169607+0j),Real,0.08596959788073705
558,(178.93792958027151+0j),Real,0.15278802591219426
559,(180.577446648617+0j),Real,0.12907639090599074
560,(180.9818203275552+0j),Real,0.06732672315128164
561,(181.7744917586406+0j),Real,0.11542529794249963
562,(182.35991901957274+0j),Real,0.041767370129120907
563,(183.23436808324428+0j),Real,0.038188667351237646
564,(183.79190267619697+0j),Real,0.1349135623294394
565,(184.38684916229215+0j),Real,0.11925438363854318
566,(184.62827969519057+0j),Real,0.13365923236806956
567,(185.1103658906981+0j),Real,0.1998759670048449
568,(185.48318165976954+0j),Real,0.22172696052695595
569,(186.40892735595835+0j),Real,0.06892274113553033
570,(186.616804605545+0j),Real,0.09574666021168998
571,(187.314036362728+0j),Real,0.15542225990578773
572,(188.59994205229845+0j),Real,0.23670717360278704
573,(189.21527949447648+0j),Real,0.08547014044013096
574,(189.51364333482357+0j),Real,0.11940476023726797
575,(190.3051781273817+0j),Real,0.17439541517419513
576,(190.69180854613677+0j),Real,0.19652084445447193
577,(191.39716962973148+0j),Real,0.1915729002325274
578,(192.13845386857778+0j),Real,0.11396651706736159
579,(192.43713879883353+0j),Real,0.12272935683521335
580,(194.39110220771468+0j),Real,0.2065605873863165
581,(194.5186155344619+0j),Real,0.18115589799882587
582,(195.06691490006563+0j),Real,0.20165735432060744
583,(195.65747309647378+0j),Real,0.18165789287874276
584,(196.3236200020268+0j),Real,0.11120322226032195
585,(196.59412869485695+0j),Real,0.1907547452657086
586,(196.80911244492694+0j),Real,0.15818327126101334
587,(197.7898130745813+0j),Real,0.22245788383691045
588,(198.41921700851685+0j),Real,0.14663647726877102
589,(199.38077006866837+0j),Real,0.07900859808138595
590,(201.02932141566467+0j),Real,0.11639052746992377
591,(201.7781653259104+0j),Real,0.20992960756485227
592,(202.82708959838573+0j),Real,0.16659335851564364
593,(203.09223481499498+0j),Real,0.19535675980142014
594,(203.42228295452483+0j),Real,0.22947625505139407
595,(203.87647936131947+0j),Real,0.18808456248712832
596,(204.81392694700014+0j),Real,0.10010725163747339
597,(205.7059185329729+0j),Real,0.05443810028936066
598,(205.95008812669002+0j),Real,0.14509799946657095
599,(207.69679156008664+0j),Real,0.10139059709190348
600,(208.95236348916836+0j),Real,0.12102612992081334
601,(209.18841529172764+0j),Real,0.07794439430095677
602,(209.71039881316224+0j),Real,0.11685790405850942
603,(210.7107966824499+0j),Real,0.09783704391144299
604,(211.66018273879592+0j),Real,0.1096901101490248
605,(212.97574260851624+0j),Real,0.04483430084873867
606,(214.03103375594642+0j),Real,0.09162332357055164
607,(214.5616099024455+0j),Real,0.12141086562905691
608,(215.5028825912429+0j),Real,0.09083679183195033
609,(216.18467434044211+0j),Real,0.12370936834268403
610,(216.64334444601695+0j),Real,0.021271989742940728
611,(217.3293026204552+0j),Real,0.05053670057846284
612,(219.6909497689646+0j),Real,0.03928521053288024
613,(220.07093406701495+0j),Real,0.0819263880458146
614,(220.5253837654152+0j),Real,0.09167009585832259
615,(222.08180577363927+0j),Real,0.07689523047709929
616,(223.90825210064187+0j),Real,0.062084863808317646
617,(224.77757785248565+0j),Real,0.09830348178873478
618,(225.2056627169031+0j),Real,0.12412935053744194
619,(226.15316981630957+0j),Real,0.054026611942586324
620,(226.72395921977315+0j),Real,0.04138447921662346
621,(227.1093264223701+0j),Real,0.14150332714964306
622,(228.04527834770244+0j),Real,0.042158271339950794
623,(228.96989497031913+0j),Real,0.10395628937461045
624,(229.7894682077919+0j),Real,0.07339364373201299
625,(230.6495873787343+0j),Real,0.08841984346501634
626,(232.58573355268086+0j),Real,0.04380038533590477
627,(233.7382075598367+0j),Real,0.05886912417526472
628,(233.89002890063776+0j),Real,0.09023969030165371
629,(234.6651893053094+0j),Real,0.050811920546923274
630,(235.56002703991246+0j),Real,0.13400312371899598
631,(236.27353318394455+0j),Real,0.047779229648899225
632,(236.74062019760876+0j),Real,0.1156933932552111
633,(236.9936963740981+0j),Real,0.16037498666844396
634,(238.34896521390544+0j),Real,0.06087123103562487
635,(238.94787703734212+0j),Real,0.08079928099015626
636,(239.54864330824245+0j),Real,0.08042629397460277
637,(241.4228507021135+0j),Real,0.09899823987398065
638,(243.13105873323315+0j),Real,0.05749438409291499
639,(244.55154686202962+0j),Real,0.07400628632274009
640,(246.20147426309816+0j),Real,0.044145857596921974
641,(247.92735366864616+0j),Real,0.09024507627119663
642,(248.5979614101241+0j),Real,0.0170022626211554
643,(249.1658756956229+0j),Real,0.045270451918811294
644,(250.1666179751302+0j),Real,0.0816030709633418
645,(251.1450636075249+0j),Real,0.09620287540341489
646,(251.80816161405045+0j),Real,0.037281091897643795
647,(253.13962769186813+0j),Real,0.11835514911259618
648,(254.05433477816138+0j),Real,0.05477624041330919
649,(256.58473333448677+0j),Real,0.04423088376986349
650,(256.73056360814724+0j),Real,0.037519533683688606
651,(257.8066606581103+0j),Real,0.023585782499909818
652,(259.9095182486892+0j),Real,0.032121657480696404
653,(260.20207177876637+0j),Real,0.04028747302876537
654,(261.2534241135472+0j),Real,0.04315165478683428
655,(261.9091076821204+0j),Real,0.03935983175502779
656,(263.44012367000033+0j),Real,0.032785549771223145
657,(264.24562361422267+0j),Real,0.09452920303240099
658,(264.6056616149046+0j),Real,0.10346191433557154
659,(265.9923981932634+0j),Real,0.0397234292914441
660,(266.629532969976+0j),Real,0.09219637906054642
661,(266.9498720751754+0j),Real,0.061049353068163725
662,(268.74509396235226+0j),Real,0.01797925569788071
663,(270.89898637941064+0j),Real,0.09611468555349678
664,(272.1839729480349+0j),Real,0.058128032990715
665,(272.8077928026021+0j),Real,0.07072429887382536
666,(275.0963058857403+0j),Real,0.04731692092364605
667,(275.34018766239075+0j),Real,0.05412942761372441
668,(277.0016534431746+0j),Real,0.030000247206243832
669,(278.2501004742369+0j),Real,0.03123331512732077
670,(279.0518045772811+0j),Real,0.02045510738231361
671,(279.7693487923562+0j),Real,0.02197073307693457
672,(280.27789519343486+0j),Real,0.02520586306629446
673,(281.3566168951847+0j),Real,0.04653161893824291
674,(282.4622585333612+0j),Real,0.01749620047789003
675,(282.9208716382412+0j),Real,0.060258465555905805
676,(285.48109772460856+0j),Real,0.04138454035174323
677,(287.035302460056+0j),Real,0.033750612004904215
678,(288.24667666787695+0j),Real,0.05928463671381948
679,(288.6539363201548+0j),Real,0.027888362434312714
680,(290.681819572215+0j),Real,0.01818575142063028
681,(291.1783612183041+0j),Real,0.020906277968573656
682,(296.8969361528514+0j),Real,0.012184382562895946
683,(298.4968887904698+0j),Real,0.01474970190294789
684,(299.64301110915176+0j),Real,0.028111698966790544
685,(300.57418378107957+0j),Real,0.052559705859030297
686,(301.33568539974675+0j),Real,0.03674586378137209
687,(302.6912897670194+0j),Real,0.05984605180215489
688,(304.1081481991304+0j),Real,0.04541537887628818
689,(305.4747274617904+0j),Real,0.03708650205874453
690,(306.77878719916197+0j),Real,0.017473274903678677
691,(308.9473849275394+0j),Real,0.01320359408183578
692,(311.64588943991737+0j),Real,0.03512030298643673
693,(311.938002886771+0j),Real,0.02360409835872762
694,(314.0165345646917+0j),Real,0.055451133261266196
695,(315.0211248114684+0j),Real,0.024682223762762478
696,(315.78790285562536+0j),Real,0.026636675169792255
697,(319.4967295598291+0j),Real,0.038791728957934125
698,(321.13465330945013+0j),Real,0.014322015563272061
699,(322.4854394838046+0j),Real,0.04094229051434387
700,(323.52309503268697+0j),Real,0.022828111517922075
701,(324.6874558146339+0j),Real,0.01651464241285946
702,(326.2046466710749+0j),Real,0.04367529718136904
703,(328.9752015337162+0j),Real,0.01462063579734772
704,(329.28962445679844+0j),Real,0.0165273967855997
705,(332.29146079870924+0j),Real,0.012248959352173799
706,(333.0122932554613+0j),Real,0.021052852076718084
707,(333.98541701038596+0j),Real,0.028062416366857464
708,(337.0889922134703+0j),Real,0.0219081247976174
709,(337.38418551743007+0j),Real,0.03175934011334123
710,(338.96974962447655+0j),Real,0.015434014189081037
711,(341.97858076909245+0j),Real,0.04699141987003629
712,(342.2607210314379+0j),Real,0.0209393822543982
713,(342.6088690727356+0j),Real,0.0566060542782137
714,(345.67632087388716+0j),Real,0.032378677762741934
715,(347.3734200044332+0j),Real,0.043695633197223444
716,(347.6130884285854+0j),Real,0.046597660233430364
717,(348.4246462440881+0j),Real,0.043047262560749325
718,(350.3151973637621+0j),Real,0.03397163743792605
719,(351.0113152813861+0j),Real,0.04922779214188805
720,(353.4891836107776+0j),Real,0.017213120993499018
721,(355.21956864216213+0j),Real,0.023319876283376142
722,(356.4250611372648+0j),Real,0.02979645508130838
723,(357.30663083765086+0j),Real,0.041521569806789796
724,(358.2414258370519+0j),Real,0.016822425048270816
725,(358.35352690169+0j),Real,0.04678171039130698
726,(359.3626073728307+0j),Real,0.0157468343108522
727,(366.9280168710966+0j),Real,0.023185732879620845
728,(370.113794441287+0j),Real,0.013841029502430184
729,(371.8439917868101+0j),Real,0.015599692207145457
730,(374.51145709246606+0j),Real,0.01918737344429003
731,(375.3345962713602+0j),Real,0.029903457607818863
732,(377.6838572208632+0j),Real,0.02197790639750348
733,(378.7386832857863+0j),Real,0.021495634365227844
734,(379.1937268688557+0j),Real,0.014181717907344191
735,(380.90578967267226+0j),Real,0.028045103402209445
736,(381.9180897923242+0j),Real,0.022240258126707192
737,(386.98513003759325+0j),Real,0.03240902124529843
738,(388.45913889174506+0j),Real,0.029870411622516323
739,(389.91640449954895+0j),Real,0.016682925517789726
740,(390.2792079234386+0j),Real,0.014887400834015348
741,(392.597745654026+0j),Real,0.023568147313509376
742,(395.8997377910682+0j),Real,0.009107185507457097
743,(396.41365094439794+0j),Real,0.0080773469079917
744,(403.63174850973587+0j),Real,0.008316403706475626
745,(409.8532911027716+0j),Real,0.007465795336204042
746,(416.2740890071194+0j),Real,0.008179906162442423
747,(417.7759926406608+0j),Real,0.010661789763129212
748,(419.6568248846173+0j),Real,0.00853239717394652
749,(423.5526425779587+0j),Real,0.013491941981409279
750,(427.39550107854024+0j),Real,0.017157131493901648
751,(429.0354040359168+0j),Real,0.0091889370753522
752,(432.411965106859+0j),Real,0.0069779588525621565
753,(438.4609487969733+0j),Real,0.008400389770566714
754,(442.7552085495265+0j),Real,0.0065966406810435835
755,(444.1720985704304+0j),Real,0.008480291953526016
756,(457.26380305818185+0j),Real,0.011119203898417652
757,(459.4442862090771+0j),Real,0.013498095219750289
758,(461.01435764340397+0j),Real,0.015257479133590088
759,(461.8171134271338+0j),Real,0.008183101627296591
760,(465.90533460570543+0j),Real,0.008946125106408567
761,(466.24253616690225+0j),Real,0.013651006630988918
762,(466.5583255552538+0j),Real,0.012880995636266416
763,(480.18259779415575+0j),Real,0.008324097775488388
764,(485.96396162504135+0j),Real,0.006646870912082411
765,(486.72531463441805+0j),Real,0.007293936407089185
766,(488.9764760314747+0j),Real,0.011060610724315734
767,(491.5856656272708+0j),Real,0.010070761287506308
768,(493.4950146127832+0j),Real,0.006806220259082009
769,(505.2804576120012+0j),Real,0.007143988008239966
770,(512.8404783116729+0j),Real,0.007478439748830754
