composition,temperature_K,isotope,run_label,run_dir,status,n_seeds,warnings,ca_1_label,1__L_classical__mean,1__L_classical__n_seeds,1__L_classical__sem,1__L_classical__std,1__L_quantum__mean,1__L_quantum__n_seeds,1__L_quantum__sem,1__L_quantum__std,1__O_anion_csv__mean,1__O_anion_csv__n_seeds,1__O_anion_csv__sem,1__O_anion_csv__std,1__O_anion_existing_coherence__mean,1__O_anion_existing_coherence__n_seeds,1__O_anion_existing_coherence__sem,1__O_anion_existing_coherence__std,ca_2_label,2__L_classical__mean,2__L_classical__n_seeds,2__L_classical__sem,2__L_classical__std,2__L_quantum__mean,2__L_quantum__n_seeds,2__L_quantum__sem,2__L_quantum__std,2__O_anion_csv__mean,2__O_anion_csv__n_seeds,2__O_anion_csv__sem,2__O_anion_csv__std,2__O_anion_existing_coherence__mean,2__O_anion_existing_coherence__n_seeds,2__O_anion_existing_coherence__sem,2__O_anion_existing_coherence__std,ca_3_label,3__L_classical__mean,3__L_classical__n_seeds,3__L_classical__sem,3__L_classical__std,3__L_quantum__mean,3__L_quantum__n_seeds,3__L_quantum__sem,3__L_quantum__std,3__O_anion_csv__mean,3__O_anion_csv__n_seeds,3__O_anion_csv__sem,3__O_anion_csv__std,3__O_anion_existing_coherence__mean,3__O_anion_existing_coherence__n_seeds,3__O_anion_existing_coherence__sem,3__O_anion_existing_coherence__std
0.21NaCl-0.41KCl-0.38MgCl2,680.0,,0.21NaCl-0.41KCl-0.38MgCl2_680.0K,C:\Users\qcn\Documents\Molten-Salt-TP-Suite-Codes-Development\MD_Simulation_REPO\Output\0.21NaCl-0.41KCl-0.38MgCl2_680K,completed,3,,K-Mg,0.4849269925682749,3,0.0038349338113911175,0.006642300204993177,0.4910689319174409,3,0.0038360188250643116,0.0066441795038020566,0.8917328578506925,3,0.0011456691227565337,0.0019843571292771814,0.7642800318804875,3,0.010456624028179528,0.018111404092452477,K-Na,0.9119044615839074,3,0.00037962715374970996,0.0006575335182272595,0.9123607937557742,3,0.0003825548950656403,0.0006626045149378694,0.9707266175221743,3,0.0002112120925920662,0.00036583007554240077,0.9790372190910794,3,0.0016992788730783809,0.0029432373444001412,Mg-Na,0.5783391402828792,3,0.006651698583638057,0.011521079903495053,0.5840384309520935,3,0.006614945800724623,0.011457422216169435,0.9400177912838172,3,0.0013334978206275825,0.002309685977109342,0.8488800212042609,3,0.006170412152639372,0.010687467352011837
0.25LiCl-0.75KCl,934.0,,0.25LiCl-0.75KCl_934.0K,C:\Users\qcn\Documents\Molten-Salt-TP-Suite-Codes-Development\MD_Simulation_REPO\Output\0.25LiCl-0.75KCl_934K,completed,3,,K-Li,0.3950475252985693,3,0.01532565138513826,0.026544806858147807,0.39735606132368595,3,0.015364919720668143,0.026612821610414224,0.9089053987341004,3,0.0018413467945322648,0.0031893062024839726,0.9002884389153389,3,0.005864085360933465,0.010156893785057639,,,,,,,,,,,,,,,,,,,,,,,,,,,,,,,,,,
0.275NaCl-0.325KCl-0.40MgCl2,700.0,natural,0.275NaCl-0.325KCl-0.40MgCl2_700.0K,C:\Users\qcn\Documents\Molten-Salt-TP-Suite-Codes-Development\MD_Simulation_REPO\Output\0.275NaCl-0.325KCl-0.40MgCl2_700.0K_Output,completed,3,,K-Mg,0.5061135487753355,3,0.004301627124003881,0.0074506367339911075,0.5118385057702913,3,0.0043180764369745335,0.00747912777980588,0.8935445690979944,3,0.0017950641473516284,0.003109142306058326,0.7431758362070137,3,0.003226584379812655,0.005588608080743634,K-Na,0.9189468264307682,3,0.001696132276236345,0.002937787278798799,0.9193571147743946,3,0.001691524387119834,0.0029298061807333585,0.9725068243477916,3,0.000735518980967209,0.001273956244966492,0.9757290216884446,3,0.00025047242000199684,0.00043383095733818964,Mg-Na,0.6068088135634074,3,0.004376923974253091,0.007581054704272646,0.6121112379941193,3,0.0043680860401626226,0.007565746953394009,0.9438226468051574,3,0.0009598457859254751,0.0016625016686538027,0.834488159367905,3,0.0026288063267027877,0.004553226121107737
0.2839NaCl-0.2725KCl-0.4436MgCl2,680.0,,0.2839NaCl-0.2725KCl-0.4436MgCl2_680.0K,C:\Users\qcn\Documents\Molten-Salt-TP-Suite-Codes-Development\MD_Simulation_REPO\Output\0.2839NaCl-0.2725KCl-0.4436MgCl2_680K,completed,3,,K-Mg,0.5169328480687024,3,0.0007684008497070781,0.0013309093122717559,0.522779169137488,3,0.0008245039921966472,0.001428082805527966,0.8868631202615106,3,0.001414745106568825,0.0024504104043366506,0.7439617120153948,3,0.008635764026956731,0.014957582056864665,K-Na,0.9145749702739813,3,0.0015806036711216067,0.002737685865012511,0.9150057757242439,3,0.0015741314472890676,0.002726475644496595,0.9696900144560113,3,0.0007688353134276473,0.0013316618255098272,0.9711828065478447,3,0.0025368924965489996,0.00439402669736312,Mg-Na,0.6292388295054295,3,0.0037755058071278482,0.006539367882216775,0.6346855901128833,3,0.003713631678411526,0.006432198747606048,0.9440107688399589,3,0.0006834983634614498,0.00118385389240541,0.847129381908116,3,0.005776538972729145,0.010005258992668608
0.33NaCl-0.22KCl-0.45MgCl2,750.0,,0.33NaCl-0.22KCl-0.45MgCl2_750.0K,C:\Users\qcn\Documents\Molten-Salt-TP-Suite-Codes-Development\MD_Simulation_REPO\Output\0.33NaCl-0.22KCl-0.45MgCl2_750K,completed,3,,K-Mg,0.5197414303204889,3,0.004109008032616231,0.007117010681199945,0.5245798706020747,3,0.004142172008385052,0.007174452372212527,0.8876940121402092,3,0.002089254184312435,0.0036186943971550094,0.7381391530797267,3,0.013201476532636315,0.02286562808945431,K-Na,0.9251145300464251,3,0.0009855001933653693,0.0017069364057777725,0.9254350037316771,3,0.0009806977903464484,0.0016986183997505795,0.9734140887116293,3,0.00045100044671112204,0.0007811556879399233,0.9775898687463451,3,0.0012784290436952314,0.002214304057551833,Mg-Na,0.6285505184446142,3,0.002864456241688489,0.004961383746662259,0.6330337562665976,3,0.002877104610827091,0.004983291364643203,0.9428254189849684,3,0.0008776674283800384,0.0015201645781025453,0.8350593585743512,3,0.013335248194397511,0.02309732740423762
0.43KCl-0.57MgCl2,750.0,,0.43KCl-0.57MgCl2_750.0K,C:\Users\qcn\Documents\Molten-Salt-TP-Suite-Codes-Development\MD_Simulation_REPO\Output\0.43KCl-0.57MgCl2_750K,completed,3,,K-Mg,0.5303734890902453,3,0.004083732271061326,0.007073231777986855,0.5350214009111232,3,0.004075506287591149,0.007058983956674287,0.8788773472442223,3,0.00172590519553523,0.002989355487714116,0.7307082975172808,3,0.004863562847975588,0.008423937958498107,,,,,,,,,,,,,,,,,,,,,,,,,,,,,,,,,,
0.4903NaCl-0.5097CaCl2,800.0,,0.4903NaCl-0.5097CaCl2_800.0K,C:\Users\qcn\Documents\Molten-Salt-TP-Suite-Codes-Development\MD_Simulation_REPO\Output\0.4903NaCl-0.5097CaCl2_800.0K_Output,completed,3,provenance: Seed 41: ignored differing diagnostics duplicate (run folder preferred): C:\Users\qcn\Documents\Molten-Salt-TP-Suite-Codes-Development\MD_Simulation_REPO\Output\0.4903NaCl-0.5097CaCl2_800.0K_Output\diagnostics\VDOS_0.4903NaCl-0.5097CaCl2_NVE_seed_41_800.0K.csv | provenance: Seed 42: ignored differing diagnostics duplicate (run folder preferred): C:\Users\qcn\Documents\Molten-Salt-TP-Suite-Codes-Development\MD_Simulation_REPO\Output\0.4903NaCl-0.5097CaCl2_800.0K_Output\diagnostics\VDOS_0.4903NaCl-0.5097CaCl2_NVE_seed_42_800.0K.csv | provenance: Seed 43: ignored differing diagnostics duplicate (run folder preferred): C:\Users\qcn\Documents\Molten-Salt-TP-Suite-Codes-Development\MD_Simulation_REPO\Output\0.4903NaCl-0.5097CaCl2_800.0K_Output\diagnostics\VDOS_0.4903NaCl-0.5097CaCl2_NVE_seed_43_800.0K.csv,Ca-Na,0.9122534135014729,3,0.001454235792280692,0.0025188102784153383,0.9128516012592538,3,0.0014488998843047696,0.002509568214696529,0.9825138000145542,3,0.0003500818969923498,0.0006063596324008439,0.9555639154108336,3,0.0023506784538375137,0.004071494514304025,,,,,,,,,,,,,,,,,,,,,,,,,,,,,,,,,,
0.4903NaCl-0.5097CaCl2,800.0,,0.4903NaCl-0.5097CaCl2_800.0K,C:\Users\qcn\Documents\Molten-Salt-TP-Suite-Codes-Development\MD_Simulation_REPO\Output\0.4903NaCl-0.5097CaCl2_800.0K_Output\sensitivity_seeds,completed,5,,Ca-Na,0.9099705450882081,5,0.001342047279068358,0.003000908945015479,0.9105842238627575,5,0.0013346725720054947,0.002984418598708769,0.9821264844104792,5,0.000274825898472142,0.0006145293909611651,,0,,,,,,,,,,,,,,,,,,,,,,,,,,,,,,,,,,,,
0.535LiCl-0.086NaCl-0.379KCl,650.0,,0.535LiCl-0.086NaCl-0.379KCl_650.0K,C:\Users\qcn\Documents\Molten-Salt-TP-Suite-Codes-Development\MD_Simulation_REPO\Output\0.535LiCl-0.086NaCl-0.379KCl_650.0K_Output,completed,3,,K-Li,0.3734432814798372,3,0.008842232770491428,0.01531519641084167,0.3785432637593215,3,0.008913245976257483,0.015438194891236818,0.892012587612855,3,0.0027431214048513077,0.004751225644532181,0.8414912727504827,3,0.005154674837762857,0.008928158715502128,K-Na,0.899590848427814,3,0.0026948004311090454,0.00466753126293938,0.9000889749352562,3,0.0027001661939547944,0.004676825036809583,0.9723439483971422,3,0.0009164318783838971,0.001587306575036692,0.983612974943128,3,0.0009534719934502503,0.0016514619362498133,Li-Na,0.5336997982068169,3,0.011523107519296265,0.0199586076845001,0.5387884229076801,3,0.01154898477390123,0.02000342840423629,0.9505605641558894,3,0.00187679345615796,0.003250701621378379,0.9068584021990764,3,0.005135244412055901,0.008894504230964988
0.535NaCl-0.315MgCl2-0.15CaCl2,855.0,,0.535NaCl-0.315MgCl2-0.15CaCl2_855.0K,C:\Users\qcn\Documents\Molten-Salt-TP-Suite-Codes-Development\MD_Simulation_REPO\Output\0.535NaCl-0.315MgCl2-0.15CaCl2_855.0K_Output,completed,3,,Ca-Mg,0.764436994239113,3,0.004199665921478984,0.0072740347508171675,0.7668246943117074,3,0.004199408925043849,0.007273589619934149,0.9751371860144534,3,0.00045946020738332625,0.000795808423244054,0.9392508663700413,3,0.0021551130343310824,0.0037327652715153643,Ca-Na,0.9050881132520705,3,0.004500183441302282,0.007794546363715705,0.9056551204831885,3,0.004481587583643363,0.00776233739344014,0.9795906280415173,3,0.0009241335946083676,0.0016006463388429525,0.9693593490095117,3,0.0015043756580581883,0.002605655073426646,Mg-Na,0.6646546229020603,3,0.005709421107593717,0.009889007440158491,0.6678181284178355,3,0.005706929482433589,0.009884691818787733,0.9534885964866763,3,0.0010120306310358875,0.0017528884717701494,0.8829523040202533,3,0.004106409080013157,0.007112509163244959
0.56NaCl-0.44MgCl2,750.0,,0.56NaCl-0.44MgCl2_750.0K,C:\Users\qcn\Documents\Molten-Salt-TP-Suite-Codes-Development\MD_Simulation_REPO\Output\0.56NaCl-0.44MgCl2_750K,completed,3,,Mg-Na,0.6467355463015062,3,0.000472491508308823,0.0008183792985357337,0.6511147357518569,3,0.00044335147795171963,0.0007679072854231313,0.9444463468444885,3,0.0003476645093875067,0.0006021725942476684,0.8400195602509163,3,0.0005762998261459207,0.0009981805792778455,,,,,,,,,,,,,,,,,,,,,,,,,,,,,,,,,,
0.56NaCl-0.44MgCl2,760.0,,0.56NaCl-0.44MgCl2_760.0K,C:\Users\qcn\Documents\Molten-Salt-TP-Suite-Codes-Development\MD_Simulation_REPO\Output\0.56NaCl-0.44MgCl2_760.0K_Output,completed,3,,Mg-Na,0.6432134543179463,3,0.003026085738614166,0.005241334247339328,0.6474562770728175,3,0.002998206647012373,0.005193046244216157,0.9434911615252691,3,0.0004081516091203677,0.0007069393241874696,0.8308318945715841,3,0.0061090938775182815,0.010581260984069623,,,,,,,,,,,,,,,,,,,,,,,,,,,,,,,,,,
0.5LiCl-0.5KCl,738.0,,0.5LiCl-0.5KCl_738.0K,C:\Users\qcn\Documents\Molten-Salt-TP-Suite-Codes-Development\MD_Simulation_REPO\Output\0.5LiCl-0.5KCl_738K,completed,3,,K-Li,0.3824256763543253,3,0.020215151819496367,0.03501367003408614,0.3863137477700184,3,0.02028382899835137,0.035132622397183504,0.8971211266557267,3,0.00417284126056223,0.007227573075213542,0.8684544976939174,3,0.009800811561821209,0.016975503580482814,,,,,,,,,,,,,,,,,,,,,,,,,,,,,,,,,,
0.5LiCl-0.5KCl,760.0,,0.5LiCl-0.5KCl_760.0K,C:\Users\qcn\Documents\Molten-Salt-TP-Suite-Codes-Development\MD_Simulation_REPO\Output\0.5LiCl-0.5KCl_760.0K_Output,completed,3,,K-Li,0.4006006410425465,3,0.005754894108958591,0.009967768988895101,0.40434645113599627,3,0.005769813676229036,0.009993610437434453,0.900551527630222,3,0.0013115934559468296,0.0022717465045747607,0.8755068336791241,3,0.004558734686075108,0.007895960094508643,,,,,,,,,,,,,,,,,,,,,,,,,,,,,,,,,,
0.5LiCl-0.5KCl,938.0,,0.5LiCl-0.5KCl_938.0K,C:\Users\qcn\Documents\Molten-Salt-TP-Suite-Codes-Development\MD_Simulation_REPO\Output\0.5LiCl-0.5KCl_938K,completed,3,,K-Li,0.4481207159082326,3,0.009160264350681827,0.015866043266142854,0.45057258300804665,3,0.009163277568769302,0.015871262312964648,0.9059704497520862,3,0.0015174511611015596,0.0026283025090322867,0.8960828848282648,3,0.004138453130480867,0.007168011086735333,,,,,,,,,,,,,,,,,,,,,,,,,,,,,,,,,,
0.5NaCl-0.5KCl,1130.0,,0.5NaCl-0.5KCl_1130.0K,C:\Users\qcn\Documents\Molten-Salt-TP-Suite-Codes-Development\MD_Simulation_REPO\Output\0.5NaCl-0.5KCl_1130K,completed,3,,K-Na,0.9146490947563998,3,0.0007913630266758636,0.0013706809694340803,0.9148258435297514,3,0.0007921273480336128,0.001372004812859012,0.9803396759179049,3,0.00027639213854890014,0.0004787252267793115,0.9845243354897347,3,0.0015804655416423888,0.0027374466177364823,,,,,,,,,,,,,,,,,,,,,,,,,,,,,,,,,,
0.5NaCl-0.5KCl,930.0,,0.5NaCl-0.5KCl_930.0K,C:\Users\qcn\Documents\Molten-Salt-TP-Suite-Codes-Development\MD_Simulation_REPO\Output\0.5NaCl-0.5KCl_930K,completed_with_warnings,1,Only one VDOS seed: seed SD and SEM are unavailable,K-Na,0.9101297141378981,1,,,0.9104059431713591,1,,,0.9793646999201909,1,,,0.9853016121390675,3,0.0,0.0,,,,,,,,,,,,,,,,,,,,,,,,,,,,,,,,,,
0.5NaCl-0.5KCl,950.0,,0.5NaCl-0.5KCl_950.0K,C:\Users\qcn\Documents\Molten-Salt-TP-Suite-Codes-Development\MD_Simulation_REPO\Output\0.5NaCl-0.5KCl_950.0K_Output,completed,3,provenance: Seed 41: ignored differing diagnostics duplicate (run folder preferred): C:\Users\qcn\Documents\Molten-Salt-TP-Suite-Codes-Development\MD_Simulation_REPO\Output\0.5NaCl-0.5KCl_950.0K_Output\diagnostics\VDOS_0.5NaCl-0.5KCl_NVE_seed_41_950.0K.csv | provenance: Seed 42: ignored differing diagnostics duplicate (run folder preferred): C:\Users\qcn\Documents\Molten-Salt-TP-Suite-Codes-Development\MD_Simulation_REPO\Output\0.5NaCl-0.5KCl_950.0K_Output\diagnostics\VDOS_0.5NaCl-0.5KCl_NVE_seed_42_950.0K.csv | provenance: Seed 43: ignored differing diagnostics duplicate (run folder preferred): C:\Users\qcn\Documents\Molten-Salt-TP-Suite-Codes-Development\MD_Simulation_REPO\Output\0.5NaCl-0.5KCl_950.0K_Output\diagnostics\VDOS_0.5NaCl-0.5KCl_NVE_seed_43_950.0K.csv,K-Na,0.9106922569851136,3,0.0006513956553070732,0.0011282503708214741,0.9109503258717524,3,0.000651019389365867,0.0011275986590941472,0.9792342665381821,3,0.00017069434044511298,0.0002956512702153948,0.9818436310624231,3,0.0013074330191153683,0.002264540416600989,,,,,,,,,,,,,,,,,,,,,,,,,,,,,,,,,,
0.5NaCl-0.5KCl,950.0,,0.5NaCl-0.5KCl_950.0K,C:\Users\qcn\Documents\Molten-Salt-TP-Suite-Codes-Development\MD_Simulation_REPO\Output\0.5NaCl-0.5KCl_950.0K_Output\sensitivity_size_1,completed,3,,K-Na,0.9081760297499676,3,0.0005603317768580394,0.0009705231066134711,0.9084418123461866,3,0.0005587095725362998,0.0009677133663079602,0.9787615573535241,3,0.00014224871239318517,0.00024638199717624934,,0,,,,,,,,,,,,,,,,,,,,,,,,,,,,,,,,,,,,
0.5NaCl-0.5KCl,950.0,,0.5NaCl-0.5KCl_950.0K,C:\Users\qcn\Documents\Molten-Salt-TP-Suite-Codes-Development\MD_Simulation_REPO\Output\0.5NaCl-0.5KCl_950.0K_Output\sensitivity_template_cesiumchloride,completed,3,,K-Na,0.9068622898733114,3,0.0008332235582216843,0.0014431855369032816,0.9071313768832994,3,0.0008338350377691708,0.0014442446505473175,0.9784326664352295,3,0.0002477097812369524,0.0004290459266341733,,0,,,,,,,,,,,,,,,,,,,,,,,,,,,,,,,,,,,,
0.5NaCl-0.5KCl,950.0,,0.5NaCl-0.5KCl_950.0K,C:\Users\qcn\Documents\Molten-Salt-TP-Suite-Codes-Development\MD_Simulation_REPO\Output\0.5NaCl-0.5KCl_950.0K_Output\sensitivity_template_rocksalt,completed_with_warnings,3,Seed 41: K-Na: O_anion_csv unavailable: VDOS_Cl missing | Seed 42: K-Na: O_anion_csv unavailable: VDOS_Cl missing,K-Na,0.9113594729649059,3,0.0017039756144781922,0.0029513723391346265,0.9116153615694529,3,0.001700351488210977,0.002945095168306765,0.9801027528145134,1,,,,0,,,,,,,,,,,,,,,,,,,,,,,,,,,,,,,,,,,,
0.60LiCl-0.40MgCl2,870.0,natural,0.60LiCl-0.40MgCl2_870.0K,C:\Users\qcn\Documents\Molten-Salt-TP-Suite-Codes-Development\MD_Simulation_REPO\Output\0.60LiCl-0.40MgCl2_870.0K_Output,completed,2,,Li-Mg,0.9629956940801687,2,0.00042758246971691394,0.0006046929277066429,0.9632259655254003,2,0.00042645725018269914,0.0006031016269807092,0.9936321174127049,2,9.490027465075544e-05,0.00013420925548403,0.9834136813627639,2,0.0019233276482503168,0.002719996045042748,,,,,,,,,,,,,,,,,,,,,,,,,,,,,,,,,,
0.637LiCl-0.363KCl,690.0,natural,0.637LiCl-0.363KCl_690.0K,C:\Users\qcn\Documents\Molten-Salt-TP-Suite-Codes-Development\MD_Simulation_REPO\Output\0.637LiCl-0.363KCl_690.0K_Output,completed,3,,K-Li,0.4079257454018211,3,0.0063039460267931835,0.010918754806577748,0.41257726341859885,3,0.0063236271710630535,0.010952843548404256,0.8950655077226664,3,0.0015964876509599328,0.002765197725118891,0.8419276007344972,3,0.004068903610854593,0.007047547785100618,,,,,,,,,,,,,,,,,,,,,,,,,,,,,,,,,,
0.68KCl-0.32MgCl2,703.0,,0.68KCl-0.32MgCl2_703.0K,C:\Users\qcn\Documents\Molten-Salt-TP-Suite-Codes-Development\MD_Simulation_REPO\Output\0.68KCl-0.32MgCl2_703.0K,completed,2,,K-Mg,0.45059011912017555,2,0.007909602343189185,0.01118586690671616,0.45637938976185255,2,0.007846507198315422,0.011096636897115786,0.8991467136938516,2,0.0005663979698253274,0.0008010076906275651,,0,,,,,,,,,,,,,,,,,,,,,,,,,,,,,,,,,,,,
0.68KCl-0.32MgCl2,903.0,,0.68KCl-0.32MgCl2_903.0K,C:\Users\qcn\Documents\Molten-Salt-TP-Suite-Codes-Development\MD_Simulation_REPO\Output\0.68KCl-0.32MgCl2_903.0K,completed,3,,K-Mg,0.4580515374339991,3,0.001540995953814777,0.0026690832862652568,0.4614933248220732,3,0.0015522157022812293,0.002688516460657295,0.9014303984789049,3,0.001320432846391326,0.0022870567779325673,0.7793939673050221,3,0.0021772640953062242,0.003771132034565866,,,,,,,,,,,,,,,,,,,,,,,,,,,,,,,,,,
1.00CsCl,935.0,,1.00CsCl_935.0K,C:\Users\qcn\Documents\Molten-Salt-TP-Suite-Codes-Development\MD_Simulation_REPO\Output\1.00CsCl_935.0K_Output,completed_with_warnings,3,Unary salt: no disparate cation pairs; metrics are not applicable,,,,,,,,,,,,,,,,,,,,,,,,,,,,,,,,,,,,,,,,,,,,,,,,,,,
1.00KCl,1060.0,,1.00KCl_1060.0K,C:\Users\qcn\Documents\Molten-Salt-TP-Suite-Codes-Development\MD_Simulation_REPO\Output\1.00KCl_1060.0K_Output,completed_with_warnings,3,provenance: Seed 41: ignored differing diagnostics duplicate (run folder preferred): C:\Users\qcn\Documents\Molten-Salt-TP-Suite-Codes-Development\MD_Simulation_REPO\Output\1.00KCl_1060.0K_Output\diagnostics\VDOS_1.00KCl_seed_41_1060.0K.csv | provenance: Seed 42: ignored differing diagnostics duplicate (run folder preferred): C:\Users\qcn\Documents\Molten-Salt-TP-Suite-Codes-Development\MD_Simulation_REPO\Output\1.00KCl_1060.0K_Output\diagnostics\VDOS_1.00KCl_seed_42_1060.0K.csv | provenance: Seed 43: ignored differing diagnostics duplicate (run folder preferred): C:\Users\qcn\Documents\Molten-Salt-TP-Suite-Codes-Development\MD_Simulation_REPO\Output\1.00KCl_1060.0K_Output\diagnostics\VDOS_1.00KCl_seed_43_1060.0K.csv | Unary salt: no disparate cation pairs; metrics are not applicable,,,,,,,,,,,,,,,,,,,,,,,,,,,,,,,,,,,,,,,,,,,,,,,,,,,
1.00LiCl,900.0,,1.00LiCl_900.0K,C:\Users\qcn\Documents\Molten-Salt-TP-Suite-Codes-Development\MD_Simulation_REPO\Output\1.00LiCl_900.0K_Output,completed_with_warnings,3,Unary salt: no disparate cation pairs; metrics are not applicable,,,,,,,,,,,,,,,,,,,,,,,,,,,,,,,,,,,,,,,,,,,,,,,,,,,
1.00MgCl2,1000.0,,1.00MgCl2_1000.0K,C:\Users\qcn\Documents\Molten-Salt-TP-Suite-Codes-Development\MD_Simulation_REPO\Output\1.00MgCl2_1000.0K_Output,completed_with_warnings,3,Unary salt: no disparate cation pairs; metrics are not applicable,,,,,,,,,,,,,,,,,,,,,,,,,,,,,,,,,,,,,,,,,,,,,,,,,,,
1.00MgCl2,1000.0,,1.00MgCl2_1000.0K,C:\Users\qcn\Documents\Molten-Salt-TP-Suite-Codes-Development\MD_Simulation_REPO\Output\1.00MgCl2_1000.0K_Output_1,completed_with_warnings,3,Unary salt: no disparate cation pairs; metrics are not applicable,,,,,,,,,,,,,,,,,,,,,,,,,,,,,,,,,,,,,,,,,,,,,,,,,,,
1.00NaCl,1090.0,,1.00NaCl_1090.0K,C:\Users\qcn\Documents\Molten-Salt-TP-Suite-Codes-Development\MD_Simulation_REPO\Output\1.00NaCl_1090.0K_Output,completed_with_warnings,3,provenance: Seed 41: ignored differing diagnostics duplicate (run folder preferred): C:\Users\qcn\Documents\Molten-Salt-TP-Suite-Codes-Development\MD_Simulation_REPO\Output\1.00NaCl_1090.0K_Output\diagnostics\VDOS_1.00NaCl_NVE_seed_41_1090.0K.csv | provenance: Seed 42: ignored differing diagnostics duplicate (run folder preferred): C:\Users\qcn\Documents\Molten-Salt-TP-Suite-Codes-Development\MD_Simulation_REPO\Output\1.00NaCl_1090.0K_Output\diagnostics\VDOS_1.00NaCl_NVE_seed_42_1090.0K.csv | provenance: Seed 43: ignored differing diagnostics duplicate (run folder preferred): C:\Users\qcn\Documents\Molten-Salt-TP-Suite-Codes-Development\MD_Simulation_REPO\Output\1.00NaCl_1090.0K_Output\diagnostics\VDOS_1.00NaCl_NVE_seed_43_1090.0K.csv | Unary salt: no disparate cation pairs; metrics are not applicable,,,,,,,,,,,,,,,,,,,,,,,,,,,,,,,,,,,,,,,,,,,,,,,,,,,
1.00RbCl,1015.0,,1.00RbCl_1015.0K,C:\Users\qcn\Documents\Molten-Salt-TP-Suite-Codes-Development\MD_Simulation_REPO\Output\1.00RbCl_1015.0K_Output,completed_with_warnings,3,Unary salt: no disparate cation pairs; metrics are not applicable,,,,,,,,,,,,,,,,,,,,,,,,,,,,,,,,,,,,,,,,,,,,,,,,,,,
1.00LiCl,900.0,Li-6,1.00LiCl_900.0K,C:\Users\qcn\Documents\Molten-Salt-TP-Suite-Codes-Development\MD_Simulation_REPO\Output\Li-6_1.00LiCl_900.0K_Output,completed_with_warnings,3,Unary salt: no disparate cation pairs; metrics are not applicable,,,,,,,,,,,,,,,,,,,,,,,,,,,,,,,,,,,,,,,,,,,,,,,,,,,
1.00LiCl,900.0,Li-7,1.00LiCl_900.0K,C:\Users\qcn\Documents\Molten-Salt-TP-Suite-Codes-Development\MD_Simulation_REPO\Output\Li-7_1.00LiCl_900.0K_Output,completed_with_warnings,3,Unary salt: no disparate cation pairs; metrics are not applicable,,,,,,,,,,,,,,,,,,,,,,,,,,,,,,,,,,,,,,,,,,,,,,,,,,,
