Li-F,,Na-F,,K-F,,Li-Li,,F-F,,Li-Na,,Li-K,,Na-Na,,Na-K,,K-K,
R (A),RDF,R (A),RDF,R (A),RDF,R (A),RDF,R (A),RDF,R (A),RDF,R (A),RDF,R (A),RDF,R (A),RDF,R (A),RDF
0.05,0,0.05,0,0.05,0,0.05,0,0.05,0,0.05,0,0.05,0,0.05,0,0.05,0,0.05,0
0.15,0,0.15,0,0.15,0,0.15,0,0.15,0,0.15,0,0.15,0,0.15,0,0.15,0,0.15,0
0.25,0,0.25,0,0.25,0,0.25,0,0.25,0,0.25,0,0.25,0,0.25,0,0.25,0,0.25,0
0.35,0,0.35,0,0.35,0,0.35,0,0.35,0,0.35,0,0.35,0,0.35,0,0.35,0,0.35,0
0.45,0,0.45,0,0.45,0,0.45,0,0.45,0,0.45,0,0.45,0,0.45,0,0.45,0,0.45,0
0.55,0,0.55,0,0.55,0,0.55,0,0.55,0,0.55,0,0.55,0,0.55,0,0.55,0,0.55,0
0.65,0,0.65,0,0.65,0,0.65,0,0.65,0,0.65,0,0.65,0,0.65,0,0.65,0,0.65,0
0.75,0,0.75,0,0.75,0,0.75,0,0.75,0,0.75,0,0.75,0,0.75,0,0.75,0,0.75,0
0.85,0,0.85,0,0.85,0,0.85,0,0.85,0,0.85,0,0.85,0,0.85,0,0.85,0,0.85,0
0.95,0,0.95,0,0.95,0,0.95,0,0.95,0,0.95,0,0.95,0,0.95,0,0.95,0,0.95,0
1.05,0,1.05,0,1.05,0,1.05,0,1.05,0,1.05,0,1.05,0,1.05,0,1.05,0,1.05,0
1.15,0,1.15,0,1.15,0,1.15,0,1.15,0,1.15,0,1.15,0,1.15,0,1.15,0,1.15,0
1.25,0,1.25,0,1.25,0,1.25,0,1.25,0,1.25,0,1.25,0,1.25,0,1.25,0,1.25,0
1.35,0,1.35,0,1.35,0,1.35,0,1.35,0,1.35,0,1.35,0,1.35,0,1.35,0,1.35,0
1.45,0.006796532,1.45,0,1.45,0,1.45,0,1.45,0,1.45,0,1.45,0,1.45,0,1.45,0,1.45,0
1.55,0.290355257,1.55,0,1.55,0,1.55,0,1.55,0,1.55,0,1.55,0,1.55,0,1.55,0,1.55,0
1.65,2.150981133,1.65,0,1.65,0,1.65,0,1.65,0,1.65,0,1.65,0,1.65,0,1.65,0,1.65,0
1.75,5.246084941,1.75,0.001093611,1.75,0,1.75,0.000437062,1.75,0,1.75,0,1.75,0,1.75,0,1.75,0,1.75,0
1.85,6.35509497,1.85,0.047166915,1.85,0,1.85,0.001366144,1.85,0,1.85,0,1.85,0,1.85,0,1.85,0,1.85,0
1.95,5.196180006,1.95,0.492081563,1.95,0.000255727,1.95,0.005541696,1.95,0,1.95,0,1.95,0,1.95,0,1.95,0,1.95,0
2.05,3.41568325,2.05,1.967387819,2.05,0.004492336,2.05,0.036672144,2.05,0,2.05,0.00029206,2.05,0,2.05,0,2.05,0,2.05,0
2.15,2.072907097,2.15,3.561205382,2.15,0.080768735,2.15,0.115681615,2.15,0.000524812,2.15,0.005011191,2.15,0.000150765,2.15,0,2.15,0,2.15,0
2.25,1.250155028,2.25,4.173591202,2.25,0.484848392,2.25,0.316756194,2.25,0.004865052,2.25,0.032872177,2.25,0.001363019,2.25,0,2.25,0,2.25,0
2.35,0.799817306,2.35,3.779638913,2.35,1.372004075,2.35,0.652733323,2.35,0.025631396,2.35,0.108950953,2.35,0.007620144,2.35,0.020023506,2.35,0,2.35,0
2.45,0.536533232,2.45,2.849757358,2.45,2.383159068,2.45,1.012385878,2.45,0.102853926,2.45,0.254236839,2.45,0.03091433,2.45,0.064878809,2.45,0.002832144,2.45,0
2.55,0.391157911,2.55,2.0705171,2.55,2.93935602,2.55,1.391005843,2.55,0.283335115,2.55,0.568532294,2.55,0.094192305,2.55,0.116803318,2.55,0.010806299,2.55,0.0003685
2.65,0.310710366,2.65,1.522355058,2.65,2.919135867,2.65,1.622407099,2.65,0.589325461,2.65,0.974327093,2.65,0.225257537,2.65,0.330881103,2.65,0.044525103,2.65,0.004903466
2.75,0.268730818,2.75,1.120496493,2.75,2.58115702,2.75,1.74099223,2.75,0.996672685,2.75,1.399300867,2.75,0.46270559,2.75,0.567210755,2.75,0.119530197,2.75,0.018094594
2.85,0.257125417,2.85,0.892636012,2.85,2.106389082,2.85,1.773293338,2.85,1.425000351,2.85,1.815373595,2.85,0.807759775,2.85,0.884940736,2.85,0.252069891,2.85,0.075708346
2.95,0.260268845,2.95,0.712652237,2.95,1.706268613,2.95,1.70389932,2.95,1.772170805,2.95,2.168144623,2.95,1.195238241,2.95,1.224658855,2.95,0.44195888,2.95,0.17001786
3.05,0.278363193,3.05,0.607216288,3.05,1.397173382,3.05,1.640264279,3.05,1.980789537,3.05,2.205684445,3.05,1.584112108,3.05,1.726005707,3.05,0.719352989,3.05,0.342703419
3.15,0.313433558,3.15,0.539859104,3.15,1.128255682,3.15,1.599407553,3.15,2.006677462,3.15,2.267156799,3.15,1.884558438,3.15,1.846907663,3.15,0.976565025,3.15,0.566823623
3.25,0.352210056,3.25,0.498647365,3.25,0.930811446,3.25,1.555427236,3.25,1.945991804,3.25,2.13891653,3.25,2.04412143,3.25,1.943276085,3.25,1.239879592,3.25,0.837143322
3.35,0.400885047,3.35,0.486797604,3.35,0.803540846,3.35,1.493509125,3.35,1.776845584,3.35,1.998841784,3.35,2.092601857,3.35,2.131167599,3.35,1.548445287,3.35,1.110065662
3.45,0.456301546,3.45,0.482146648,3.45,0.709993711,3.45,1.441559662,3.45,1.57605138,3.45,1.798918038,3.45,2.048418718,3.45,2.052998221,3.45,1.756388227,3.45,1.357321313
3.55,0.532233972,3.55,0.520359392,3.55,0.660267254,3.55,1.346445521,3.55,1.390090024,3.55,1.660785106,3.55,1.903139912,3.55,2.020522205,3.55,1.851939695,3.55,1.556862027
3.65,0.61705104,3.65,0.543215842,3.65,0.630380654,3.65,1.23457605,3.65,1.218261837,3.65,1.551987767,3.65,1.763512858,3.65,1.961171051,3.65,1.88066395,3.65,1.722442056
3.75,0.715602306,3.75,0.556955397,3.75,0.609749388,3.75,1.068097478,3.75,1.09239031,3.75,1.448527803,3.75,1.589891896,3.75,1.845400926,3.75,1.801060688,3.75,1.819374996
3.85,0.82549171,3.85,0.593719598,3.85,0.592172707,3.85,0.887809058,3.85,1.000771011,3.85,1.371285095,3.85,1.449045462,3.85,1.557697835,3.85,1.669705753,3.85,1.819512123
3.95,0.923192708,3.95,0.654060334,3.95,0.596246125,3.95,0.733439615,3.95,0.927832993,3.95,1.254076673,3.95,1.320875791,3.95,1.336711229,3.95,1.556682067,3.95,1.757618645
4.05,1.028917247,4.05,0.734585142,4.05,0.617655151,4.05,0.628399414,4.05,0.871979451,4.05,1.141679438,4.05,1.231812478,4.05,1.01647173,4.05,1.373189959,4.05,1.689674298
4.15,1.12380341,4.15,0.815370555,4.15,0.64823751,4.15,0.545154138,4.15,0.834311907,4.15,1.036820434,4.15,1.165188576,4.15,0.951454646,4.15,1.233112776,4.15,1.574754637
4.25,1.198906814,4.25,0.923373376,4.25,0.69014462,4.25,0.486400055,4.25,0.81677521,4.25,0.90942845,4.25,1.091423452,4.25,0.941882353,4.25,1.120319709,4.25,1.471860849
4.35,1.264604254,4.35,1.015593723,4.35,0.753116436,4.35,0.476222405,4.35,0.796985495,4.35,0.779113507,4.35,1.022845229,4.35,0.934802651,4.35,1.030788438,4.35,1.329472704
4.45,1.31364961,4.45,1.106525882,4.45,0.810113698,4.45,0.484864033,4.45,0.792295367,4.45,0.690515415,4.45,0.958774268,4.45,0.863989471,4.45,0.979782981,4.45,1.218779679
4.55,1.337152133,4.55,1.205744664,4.55,0.884800885,4.55,0.51388461,4.55,0.792917872,4.55,0.641113077,4.55,0.890943848,4.55,0.796653325,4.55,0.956043672,4.55,1.117166895
4.65,1.341810996,4.65,1.265759039,4.65,0.953162418,4.65,0.538636898,4.65,0.80950067,4.65,0.617910883,4.65,0.821041105,4.65,0.754174036,4.65,0.947332588,4.65,1.061067406
4.75,1.322826991,4.75,1.269967536,4.75,1.030594912,4.75,0.590907232,4.75,0.830918261,4.75,0.587777896,4.75,0.757719793,4.75,0.833343521,4.75,0.929446869,4.75,0.996903333
4.85,1.293880113,4.85,1.275534457,4.85,1.101635079,4.85,0.681180764,4.85,0.854401147,4.85,0.59270271,4.85,0.712292463,4.85,0.753541188,4.85,0.897189455,4.85,0.965716519
4.95,1.237254945,4.95,1.269001504,4.95,1.159514649,4.95,0.759210679,4.95,0.881030588,4.95,0.624463021,4.95,0.677150185,4.95,0.690898423,4.95,0.875975129,4.95,0.948066019
5.05,1.179907046,5.05,1.236893587,5.05,1.188104905,5.05,0.831478854,5.05,0.907210541,5.05,0.663696755,5.05,0.665642516,5.05,0.73196556,5.05,0.855547141,5.05,0.93798727
5.15,1.119065411,5.15,1.211144048,5.15,1.202431058,5.15,0.913079714,5.15,0.937968722,5.15,0.716452485,5.15,0.652444387,5.15,0.757780551,5.15,0.827159043,5.15,0.930437197
5.25,1.066102635,5.25,1.168417764,5.25,1.200316018,5.25,0.991199461,5.25,0.971625912,5.25,0.772209036,5.25,0.658609488,5.25,0.714109131,5.25,0.806939604,5.25,0.902983137
5.35,1.01252687,5.35,1.15054095,5.35,1.194527692,5.35,1.071899662,5.35,1.008468285,5.35,0.841374779,5.35,0.689548036,5.35,0.684878643,5.35,0.773384083,5.35,0.903365792
5.45,0.968665733,5.45,1.098800403,5.45,1.173756872,5.45,1.135102349,5.45,1.04361721,5.45,0.916414274,5.45,0.721677588,5.45,0.714896941,5.45,0.780261861,5.45,0.882845426
5.55,0.942713225,5.55,1.048937352,5.55,1.158169691,5.55,1.210750903,5.55,1.06465287,5.55,0.977883116,5.55,0.773767802,5.55,0.757676974,5.55,0.800514581,5.55,0.867640038
5.65,0.913239353,5.65,1.00903796,5.65,1.129167046,5.65,1.26012529,5.65,1.092726565,5.65,1.051526695,5.65,0.83152722,5.65,0.738709413,5.65,0.817732884,5.65,0.853643798
5.75,0.892208747,5.75,0.972738791,5.75,1.098528942,5.75,1.29016685,5.75,1.109504503,5.75,1.109204094,5.75,0.892557228,5.75,0.759726215,5.75,0.845051496,5.75,0.857823661
5.85,0.872955713,5.85,0.943181436,5.85,1.071420699,5.85,1.31376068,5.85,1.128688989,5.85,1.161331848,5.85,0.96245189,5.85,0.89366646,5.85,0.882696963,5.85,0.864090451
5.95,0.862648913,5.95,0.920568917,5.95,1.042312018,5.95,1.324688421,5.95,1.135184686,5.95,1.193421974,5.95,1.015439226,5.95,0.975953982,5.95,0.933690364,5.95,0.860788699
6.05,0.869596121,6.05,0.896553542,6.05,1.007000007,6.05,1.31353418,6.05,1.129074258,6.05,1.221196132,6.05,1.067830383,6.05,1.019031522,6.05,0.985975898,6.05,0.881754592
6.15,0.875548103,6.15,0.890515311,6.15,0.977504902,6.15,1.259410574,6.15,1.115812386,6.15,1.225959054,6.15,1.118781963,6.15,1.013994312,6.15,1.048037016,6.15,0.926367057
6.25,0.885660122,6.25,0.874653914,6.25,0.952172749,6.25,1.215783139,6.25,1.094356121,6.25,1.221106245,6.25,1.168649425,6.25,1.004600952,6.25,1.103047629,6.25,0.942128413
6.35,0.903537719,6.35,0.881656463,6.35,0.939130761,6.35,1.165173423,6.35,1.072711274,6.35,1.211061739,6.35,1.206921841,6.35,1.027077629,6.35,1.140577835,6.35,0.999377207
6.45,0.921079445,6.45,0.86777913,6.45,0.919653009,6.45,1.122902366,6.45,1.059291713,6.45,1.189739497,6.45,1.223197456,6.45,1.135269411,6.45,1.171765312,6.45,1.06329639
6.55,0.940598036,6.55,0.866949627,6.55,0.898582701,6.55,1.074703351,6.55,1.031280112,6.55,1.147682196,6.55,1.229668423,6.55,1.092645679,6.55,1.237139206,6.55,1.082664251
6.65,0.965981748,6.65,0.89518411,6.65,0.894494213,6.65,1.026072139,6.65,1.015627688,6.65,1.109831693,6.65,1.225003651,6.65,1.156336266,6.65,1.256995287,6.65,1.125315755
6.75,0.994447793,6.75,0.937148149,6.75,0.893623402,6.75,1.002629665,6.75,1.001619133,6.75,1.069215183,6.75,1.198329605,6.75,1.107452187,6.75,1.241750595,6.75,1.168827585
6.85,1.014280916,6.85,0.933446791,6.85,0.902438325,6.85,0.973096709,6.85,0.993673497,6.85,1.014493606,6.85,1.178995389,6.85,1.153867045,6.85,1.232487713,6.85,1.201014956
6.95,1.033213658,6.95,0.949883704,6.95,0.906265364,6.95,0.954542521,6.95,0.980436655,6.95,0.956129241,6.95,1.14893609,6.95,1.131330636,6.95,1.242001574,6.95,1.19506778
7.05,1.045859376,7.05,0.995259185,7.05,0.926556124,7.05,0.909470107,7.05,0.974688704,7.05,0.950251885,7.05,1.112808604,7.05,1.098593348,7.05,1.209580833,7.05,1.196740993
7.15,1.050653168,7.15,1.00554581,7.15,0.946279682,7.15,0.891902998,7.15,0.981534376,7.15,0.917625584,7.15,1.062489132,7.15,1.061551911,7.15,1.194415787,7.15,1.179645849
7.25,1.059423251,7.25,1.023342308,7.25,0.963236536,7.25,0.880302293,7.25,0.973295513,7.25,0.892816579,7.25,1.035748755,7.25,1.114740152,7.25,1.123185256,7.25,1.169154906
7.35,1.070341516,7.35,1.034914359,7.35,0.990275978,7.35,0.869475508,7.35,0.959967421,7.35,0.86748751,7.35,1.001654031,7.35,1.024241449,7.35,1.076278943,7.35,1.147138124
7.45,1.062565173,7.45,1.030626127,7.45,1.013726431,7.45,0.878737148,7.45,0.973483151,7.45,0.851745371,7.45,0.961205531,7.45,1.081141018,7.45,1.055488022,7.45,1.109540482
7.55,1.051321008,7.55,1.040583339,7.55,1.030402849,7.55,0.884051491,7.55,0.976089587,7.55,0.831664302,7.55,0.935035174,7.55,1.091095286,7.55,1.030779288,7.55,1.076644275
7.65,1.04763489,7.65,1.048027582,7.65,1.051177368,7.65,0.887746024,7.65,0.985246222,7.65,0.811808481,7.65,0.906435324,7.65,1.039159814,7.65,0.968790941,7.65,1.042503194
7.75,1.03901579,7.75,1.050285444,7.75,1.058995081,7.75,0.919377225,7.75,0.998510985,7.75,0.809726787,7.75,0.891945764,7.75,0.960820514,7.75,0.928760637,7.75,1.007893202
7.85,1.029190345,7.85,1.02114623,7.85,1.07730584,7.85,0.950193137,7.85,1.008581437,7.85,0.810351837,7.85,0.88301677,7.85,1.046580082,7.85,0.917517525,7.85,0.989209857
7.95,1.010722561,7.95,1.039185291,7.95,1.085036945,7.95,0.974475483,7.95,1.002738526,7.95,0.818714657,7.95,0.881763145,7.95,0.942158797,7.95,0.921505485,7.95,0.953560313
8.05,0.993465547,8.05,1.025241549,8.05,1.090041978,8.05,1.011232917,8.05,1.003204447,8.05,0.829408218,8.05,0.912792819,8.05,0.981884461,8.05,0.92829612,8.05,0.94452728
8.15,0.98237095,8.15,1.015307156,8.15,1.083586888,8.15,1.044276358,8.15,1.015626393,8.15,0.820295011,8.15,0.929722599,8.15,1.090697943,8.15,0.890172754,8.15,0.950602476
