Cl-Cl,,K-Cl,,K-K,,K-Li,,K-Na,,Li-Cl,,Li-Li,,Li-Na,,Na-Cl,,Na-Na,
R (A),RDF,R (A),RDF,R (A),RDF,R (A),RDF,R (A),RDF,R (A),RDF,R (A),RDF,R (A),RDF,R (A),RDF,R (A),RDF
0.02625,0.0,0.02625,0.0,0.02625,0.0,0.02625,0.0,0.02625,0.0,0.02625,0.0,0.02625,0.0,0.02625,0.0,0.02625,0.0,0.02625,0.0
0.07875,0.0,0.07875,0.0,0.07875,0.0,0.07875,0.0,0.07875,0.0,0.07875,0.0,0.07875,0.0,0.07875,0.0,0.07875,0.0,0.07875,0.0
0.13125,0.0,0.13125,0.0,0.13125,0.0,0.13125,0.0,0.13125,0.0,0.13125,0.0,0.13125,0.0,0.13125,0.0,0.13125,0.0,0.13125,0.0
0.18375,0.0,0.18375,0.0,0.18375,0.0,0.18375,0.0,0.18375,0.0,0.18375,0.0,0.18375,0.0,0.18375,0.0,0.18375,0.0,0.18375,0.0
0.23625000000000002,0.0,0.23625000000000002,0.0,0.23625000000000002,0.0,0.23625000000000002,0.0,0.23625000000000002,0.0,0.23625000000000002,0.0,0.23625000000000002,0.0,0.23625000000000002,0.0,0.23625000000000002,0.0,0.23625000000000002,0.0
0.28875,0.0,0.28875,0.0,0.28875,0.0,0.28875,0.0,0.28875,0.0,0.28875,0.0,0.28875,0.0,0.28875,0.0,0.28875,0.0,0.28875,0.0
0.34125,0.0,0.34125,0.0,0.34125,0.0,0.34125,0.0,0.34125,0.0,0.34125,0.0,0.34125,0.0,0.34125,0.0,0.34125,0.0,0.34125,0.0
0.39375,0.0,0.39375,0.0,0.39375,0.0,0.39375,0.0,0.39375,0.0,0.39375,0.0,0.39375,0.0,0.39375,0.0,0.39375,0.0,0.39375,0.0
0.44625,0.0,0.44625,0.0,0.44625,0.0,0.44625,0.0,0.44625,0.0,0.44625,0.0,0.44625,0.0,0.44625,0.0,0.44625,0.0,0.44625,0.0
0.49875,0.0,0.49875,0.0,0.49875,0.0,0.49875,0.0,0.49875,0.0,0.49875,0.0,0.49875,0.0,0.49875,0.0,0.49875,0.0,0.49875,0.0
0.55125,0.0,0.55125,0.0,0.55125,0.0,0.55125,0.0,0.55125,0.0,0.55125,0.0,0.55125,0.0,0.55125,0.0,0.55125,0.0,0.55125,0.0
0.60375,0.0,0.60375,0.0,0.60375,0.0,0.60375,0.0,0.60375,0.0,0.60375,0.0,0.60375,0.0,0.60375,0.0,0.60375,0.0,0.60375,0.0
0.65625,0.0,0.65625,0.0,0.65625,0.0,0.65625,0.0,0.65625,0.0,0.65625,0.0,0.65625,0.0,0.65625,0.0,0.65625,0.0,0.65625,0.0
0.70875,0.0,0.70875,0.0,0.70875,0.0,0.70875,0.0,0.70875,0.0,0.70875,0.0,0.70875,0.0,0.70875,0.0,0.70875,0.0,0.70875,0.0
0.76125,0.0,0.76125,0.0,0.76125,0.0,0.76125,0.0,0.76125,0.0,0.76125,0.0,0.76125,0.0,0.76125,0.0,0.76125,0.0,0.76125,0.0
0.81375,0.0,0.81375,0.0,0.81375,0.0,0.81375,0.0,0.81375,0.0,0.81375,0.0,0.81375,0.0,0.81375,0.0,0.81375,0.0,0.81375,0.0
0.86625,0.0,0.86625,0.0,0.86625,0.0,0.86625,0.0,0.86625,0.0,0.86625,0.0,0.86625,0.0,0.86625,0.0,0.86625,0.0,0.86625,0.0
0.91875,0.0,0.91875,0.0,0.91875,0.0,0.91875,0.0,0.91875,0.0,0.91875,0.0,0.91875,0.0,0.91875,0.0,0.91875,0.0,0.91875,0.0
0.97125,0.0,0.97125,0.0,0.97125,0.0,0.97125,0.0,0.97125,0.0,0.97125,0.0,0.97125,0.0,0.97125,0.0,0.97125,0.0,0.97125,0.0
1.02375,0.0,1.02375,0.0,1.02375,0.0,1.02375,0.0,1.02375,0.0,1.02375,0.0,1.02375,0.0,1.02375,0.0,1.02375,0.0,1.02375,0.0
1.07625,0.0,1.07625,0.0,1.07625,0.0,1.07625,0.0,1.07625,0.0,1.07625,0.0,1.07625,0.0,1.07625,0.0,1.07625,0.0,1.07625,0.0
1.1287500000000001,0.0,1.1287500000000001,0.0,1.1287500000000001,0.0,1.1287500000000001,0.0,1.1287500000000001,0.0,1.1287500000000001,0.0,1.1287500000000001,0.0,1.1287500000000001,0.0,1.1287500000000001,0.0,1.1287500000000001,0.0
1.18125,0.0,1.18125,0.0,1.18125,0.0,1.18125,0.0,1.18125,0.0,1.18125,0.0,1.18125,0.0,1.18125,0.0,1.18125,0.0,1.18125,0.0
1.2337500000000001,0.0,1.2337500000000001,0.0,1.2337500000000001,0.0,1.2337500000000001,0.0,1.2337500000000001,0.0,1.2337500000000001,0.0,1.2337500000000001,0.0,1.2337500000000001,0.0,1.2337500000000001,0.0,1.2337500000000001,0.0
1.28625,0.0,1.28625,0.0,1.28625,0.0,1.28625,0.0,1.28625,0.0,1.28625,0.0,1.28625,0.0,1.28625,0.0,1.28625,0.0,1.28625,0.0
1.33875,0.0,1.33875,0.0,1.33875,0.0,1.33875,0.0,1.33875,0.0,1.33875,0.0,1.33875,0.0,1.33875,0.0,1.33875,0.0,1.33875,0.0
1.3912499999999999,0.0,1.3912499999999999,0.0,1.3912499999999999,0.0,1.3912499999999999,0.0,1.3912499999999999,0.0,1.3912499999999999,0.0,1.3912499999999999,0.0,1.3912499999999999,0.0,1.3912499999999999,0.0,1.3912499999999999,0.0
1.44375,0.0,1.44375,0.0,1.44375,0.0,1.44375,0.0,1.44375,0.0,1.44375,0.0,1.44375,0.0,1.44375,0.0,1.44375,0.0,1.44375,0.0
1.4962499999999999,0.0,1.4962499999999999,0.0,1.4962499999999999,0.0,1.4962499999999999,0.0,1.4962499999999999,0.0,1.4962499999999999,0.0,1.4962499999999999,0.0,1.4962499999999999,0.0,1.4962499999999999,0.0,1.4962499999999999,0.0
1.54875,0.0,1.54875,0.0,1.54875,0.0,1.54875,0.0,1.54875,0.0,1.54875,0.0,1.54875,0.0,1.54875,0.0,1.54875,0.0,1.54875,0.0
1.6012499999999998,0.0,1.6012499999999998,0.0,1.6012499999999998,0.0,1.6012499999999998,0.0,1.6012499999999998,0.0,1.6012499999999998,0.0,1.6012499999999998,0.0,1.6012499999999998,0.0,1.6012499999999998,0.0,1.6012499999999998,0.0
1.65375,0.0,1.65375,0.0,1.65375,0.0,1.65375,0.0,1.65375,0.0,1.65375,0.0,1.65375,0.0,1.65375,0.0,1.65375,0.0,1.65375,0.0
1.7062499999999998,0.0,1.7062499999999998,0.0,1.7062499999999998,0.0,1.7062499999999998,0.0,1.7062499999999998,0.0,1.7062499999999998,0.0,1.7062499999999998,0.0,1.7062499999999998,0.0,1.7062499999999998,0.0,1.7062499999999998,0.0
1.75875,0.0,1.75875,0.0,1.75875,0.0,1.75875,0.0,1.75875,0.0,1.75875,0.0,1.75875,0.0,1.75875,0.0,1.75875,0.0,1.75875,0.0
1.8112499999999998,0.0,1.8112499999999998,0.0,1.8112499999999998,0.0,1.8112499999999998,0.0,1.8112499999999998,0.0,1.8112499999999998,0.0,1.8112499999999998,0.0,1.8112499999999998,0.0,1.8112499999999998,0.0,1.8112499999999998,0.0
1.86375,0.0,1.86375,0.0,1.86375,0.0,1.86375,0.0,1.86375,0.0,1.86375,0.0029286736697406494,1.86375,0.0,1.86375,0.0,1.86375,0.0,1.86375,0.0
1.9162499999999998,0.0,1.9162499999999998,0.0,1.9162499999999998,0.0,1.9162499999999998,0.0,1.9162499999999998,0.0,1.9162499999999998,0.018997073768679748,1.9162499999999998,0.0,1.9162499999999998,0.0,1.9162499999999998,0.0,1.9162499999999998,0.0
1.96875,0.0,1.96875,0.0,1.96875,0.0,1.96875,0.0,1.96875,0.0,1.96875,0.10685994705608894,1.96875,0.0,1.96875,0.0,1.96875,0.0,1.96875,0.0
2.0212499999999998,0.0,2.0212499999999998,0.0,2.0212499999999998,0.0,2.0212499999999998,0.0,2.0212499999999998,0.0,2.0212499999999998,0.4524802230976938,2.0212499999999998,0.0,2.0212499999999998,0.0,2.0212499999999998,0.0,2.0212499999999998,0.0
2.07375,0.0,2.07375,0.0,2.07375,0.0,2.07375,0.0,2.07375,0.0,2.07375,1.1882008133438304,2.07375,0.0,2.07375,0.0,2.07375,0.0,2.07375,0.0
2.1262499999999998,0.0,2.1262499999999998,0.0,2.1262499999999998,0.0,2.1262499999999998,0.0,2.1262499999999998,0.0,2.1262499999999998,2.478131229280814,2.1262499999999998,0.0,2.1262499999999998,0.0,2.1262499999999998,0.0,2.1262499999999998,0.0
2.17875,0.0,2.17875,0.0,2.17875,0.0,2.17875,0.0,2.17875,0.0,2.17875,4.0167517682600025,2.17875,0.002320331573449295,2.17875,0.0,2.17875,0.0,2.17875,0.0
2.23125,0.0,2.23125,0.0,2.23125,0.0,2.23125,0.0,2.23125,0.0,2.23125,5.378876041101503,2.23125,0.002212429090240382,2.23125,0.0,2.23125,0.0018812475751889674,2.23125,0.0
2.28375,0.0,2.28375,0.0,2.28375,0.0,2.28375,0.0,2.28375,0.0,2.28375,6.04366320708071,2.28375,0.011615350153262077,2.28375,0.0,2.28375,0.055668292920277654,2.28375,0.0
2.3362499999999997,0.0,2.3362499999999997,0.0,2.3362499999999997,0.0,2.3362499999999997,0.0,2.3362499999999997,0.0,2.3362499999999997,6.051488044508933,2.3362499999999997,0.014126253607151718,2.3362499999999997,0.0,2.3362499999999997,0.23508564948039284,2.3362499999999997,0.0
2.38875,0.0,2.38875,0.0,2.38875,0.0,2.38875,0.0,2.38875,0.0,2.38875,5.634841968727862,2.38875,0.026059180283395416,2.38875,0.0061126472269692955,2.38875,0.5547793344328984,2.38875,0.0
2.44125,0.0,2.44125,0.0003449688325602086,2.44125,0.0,2.44125,0.0,2.44125,0.0,2.44125,4.8381283992720014,2.44125,0.06468635168805943,2.44125,0.008778862014808066,2.44125,1.101638801845884,2.44125,0.0
2.49375,0.0,2.49375,0.0013223890186544861,2.49375,0.0,2.49375,0.0,2.49375,0.0,2.49375,3.998340097097171,2.49375,0.0867880792968848,2.49375,0.011217506847896677,2.49375,1.9066645667299935,2.49375,0.0
2.5462499999999997,0.0,2.5462499999999997,0.009513162038336707,2.5462499999999997,0.0,2.5462499999999997,0.0005904721265174508,2.5462499999999997,0.0,2.5462499999999997,3.252796130960036,2.5462499999999997,0.15714845893455665,2.5462499999999997,0.013449642881786381,2.5462499999999997,2.776504425722257,2.5462499999999997,0.0
2.59875,0.0,2.59875,0.0371395951097542,2.59875,0.0,2.59875,0.0022674258178934166,2.59875,0.0,2.59875,2.5948274097187762,2.59875,0.23322662404051053,2.59875,0.0387351910556792,2.59875,3.605720253824953,2.59875,0.0
2.65125,0.0,2.65125,0.11670204076727379,2.65125,0.0,2.65125,0.0010892593901015962,2.65125,0.0,2.65125,2.004101120363174,2.65125,0.31340094732747675,2.65125,0.04465963499416544,2.65125,4.018632011450295,2.65125,0.0
2.70375,0.0,2.70375,0.31583056343932087,2.70375,0.0,2.70375,0.004189480253194541,2.70375,0.0,2.70375,1.5703713950455216,2.70375,0.46407681260825134,2.70375,0.09065569770107076,2.70375,4.4047535926862365,2.70375,0.0
2.7562499999999996,0.0,2.7562499999999996,0.6535636658139606,2.7562499999999996,0.0,2.7562499999999996,0.00655103438854002,2.7562499999999996,0.0,2.7562499999999996,1.2643356390514964,2.7562499999999996,0.6111292889908468,2.7562499999999996,0.16069631363341763,2.7562499999999996,4.184310943302318,2.7562499999999996,0.0
2.80875,0.00019971577442001642,2.80875,1.0593582275958322,2.80875,0.0,2.80875,0.015528447362137661,2.80875,0.003127256760430501,2.80875,0.998475570837451,2.80875,0.7316078138775558,2.80875,0.2232753490507363,2.80875,3.8215946294894176,2.80875,0.0
2.86125,0.0015396335809176897,2.86125,1.5939173996570881,2.86125,0.0,2.86125,0.029460059836215934,2.86125,0.006027102188714371,2.86125,0.808437038838804,2.86125,0.8180232487855091,2.86125,0.3216706004338851,2.86125,3.438964057177275,2.86125,0.0
2.91375,0.0027837236580640747,2.91375,2.148939610046898,2.91375,0.0026153423246006867,2.91375,0.0473467144970814,2.91375,0.005811871832445971,2.91375,0.7093823791809627,2.91375,1.042450452153451,2.91375,0.3923514510334862,2.91375,3.1561961936006706,2.91375,0.0297858431412856
2.9662499999999996,0.010565166747597046,2.9662499999999996,2.566112598339366,2.9662499999999996,0.0012617927546014,2.9662499999999996,0.07875327192512187,2.9662499999999996,0.019627887293799558,2.9662499999999996,0.5990977495482452,2.9662499999999996,1.1110340921490247,2.9662499999999996,0.5371562948803126,2.9662499999999996,2.7804096641105587,2.9662499999999996,0.0
3.01875,0.023341013501112153,3.01875,2.99247395929778,3.01875,0.00243657409231122,3.01875,0.11846791276409725,3.01875,0.018951131829087267,3.01875,0.5205493156600522,3.01875,1.2757890155089435,3.01875,0.6564279973213158,3.01875,2.3155726196405797,3.01875,0.1664992296412667
3.07125,0.04192605416296069,3.07125,3.223653604825099,3.07125,0.00823895241801141,3.07125,0.15706771358474952,3.07125,0.036617566302272926,3.07125,0.46161282577032,3.07125,1.3557423698894169,3.07125,0.798731938849579,3.07125,2.131834992652235,3.07125,0.05361857922832822
3.12375,0.09785004887453876,3.12375,3.2287207988814544,3.12375,0.010239874107650657,3.12375,0.23618406945615691,3.12375,0.05562400749834925,3.12375,0.42031144955420613,3.12375,1.4098910080760434,3.12375,1.0634386073058228,3.12375,1.854414512609108,3.12375,0.1554943845976581
3.1762499999999996,0.16632653793061633,3.1762499999999996,3.224357926208504,3.1762499999999996,0.033013903681315744,3.1762499999999996,0.32103175303900133,3.1762499999999996,0.06358233301586735,3.1762499999999996,0.37440704154718224,3.1762499999999996,1.5023290099496742,3.1762499999999996,1.213545562906296,3.1762499999999996,1.652506646544872,3.1762499999999996,0.17546278438032623
3.22875,0.28852184794125246,3.22875,3.0959007313307354,3.22875,0.033014000664082374,3.22875,0.42929217771203887,3.22875,0.10649677633574958,3.22875,0.35870576072756166,3.22875,1.5716811002484037,3.22875,1.2580492750895906,3.22875,1.36830827257885,3.22875,0.31534878770530295
3.28125,0.4259959623042908,3.28125,2.9705108096613926,3.28125,0.05774508028038089,3.28125,0.5763840833405014,3.28125,0.16269447221853345,3.28125,0.35015395617471884,3.28125,1.5831738748117994,3.28125,1.521023430291724,3.28125,1.2413622177999135,3.28125,0.4932392273949201
3.3337499999999998,0.6351176250435787,3.3337499999999998,2.7239641008221818,3.3337499999999998,0.07591951558420532,3.3337499999999998,0.7037367075250974,3.3337499999999998,0.20644780553599693,3.3337499999999998,0.3296664755284603,3.3337499999999998,1.6006020073258047,3.3337499999999998,1.572356089549467,3.3337499999999998,1.11492914333822,3.3337499999999998,0.5233340876893685
3.38625,0.8710141295564697,3.38625,2.5108829970931823,3.38625,0.09391606068818972,3.38625,0.8470140276073136,3.38625,0.2947651847487283,3.38625,0.34259126257874317,3.38625,1.5840168009599085,3.38625,1.5954638599116608,3.38625,0.9654575820014106,3.38625,0.5733935893104825
3.4387499999999998,1.1221651532393893,3.4387499999999998,2.331699765857133,3.4387499999999998,0.140830423558592,3.4387499999999998,0.9854892168100093,3.4387499999999998,0.3484248997671832,3.4387499999999998,0.3156184256202008,3.4387499999999998,1.6319630546579196,3.4387499999999998,1.8258673407374235,3.4387499999999998,0.9203625568146009,3.4387499999999998,0.7484876215058501
3.49125,1.3715021297929475,3.49125,2.045017154677177,3.49125,0.15939798838419103,3.49125,1.144524669304418,3.49125,0.4493505196354338,3.49125,0.3397029670711361,3.49125,1.5868661407599298,3.49125,1.9487909069184446,3.49125,0.8145134127192172,3.49125,0.7468934312859238
3.54375,1.6404340892458735,3.54375,1.8480087114084727,3.54375,0.24753624837434537,3.54375,1.2794453625949846,3.54375,0.5618679923417681,3.54375,0.3305225385381585,3.54375,1.6353629538374077,3.54375,2.0081327341436017,3.54375,0.7301482564298832,3.54375,0.7853382165686077
3.59625,1.9006237761236033,3.59625,1.6995422905876159,3.59625,0.2867172832573028,3.59625,1.4590434536188783,3.59625,0.6981937835806575,3.59625,0.33948472233246896,3.59625,1.573485871344972,3.59625,2.028143087936577,3.59625,0.6887086069518674,3.59625,0.9581088191349322
3.6487499999999997,2.0688154360491393,3.6487499999999997,1.5200325412973736,3.6487499999999997,0.3994428701940248,3.6487499999999997,1.5154156834803187,3.6487499999999997,0.8246442924441709,3.6487499999999997,0.34408637221085203,3.6487499999999997,1.57320922544227,3.6487499999999997,2.039628736798084,3.6487499999999997,0.6050136860503843,3.6487499999999997,1.0826930963157457
3.70125,2.229987722689447,3.70125,1.388071272399583,3.70125,0.448973296411568,3.70125,1.6976925032368204,3.70125,0.9220791326222335,3.70125,0.3528540403846856,3.70125,1.5365348964968086,3.70125,2.0000013136897454,3.70125,0.5763494838835044,3.70125,1.1260351126407258
3.75375,2.3220216447011497,3.75375,1.2059413790833546,3.75375,0.5633562812632585,3.75375,1.7969801997951251,3.75375,1.0628042353591234,3.75375,0.3775028961871794,3.75375,1.5044092984549993,3.75375,2.0607944988578812,3.75375,0.5563526289709415,3.75375,1.1306521169409454
3.80625,2.399355272293076,3.80625,1.0959875949195166,3.80625,0.6207237783475288,3.80625,1.8809331010122223,3.80625,1.248259340270888,3.80625,0.3745844808757729,3.80625,1.484103438677434,3.80625,1.9453514336215822,3.80625,0.5359391480529939,3.80625,1.0647669201969614
3.8587499999999997,2.405620162603357,3.8587499999999997,1.0002292864213065,3.8587499999999997,0.7165364244829828,3.8587499999999997,1.867638087998991,3.8587499999999997,1.3106262267685038,3.8587499999999997,0.3945238813674855,3.8587499999999997,1.4469540160094199,3.8587499999999997,1.9279158101856937,3.8587499999999997,0.483085155083657,3.8587499999999997,1.4266108486064244
3.91125,2.379479068962036,3.91125,0.917784140655245,3.91125,0.8425766424694674,3.91125,1.956727781481115,3.91125,1.3692172829104754,3.91125,0.41335993717369085,3.91125,1.4472522979055398,3.91125,1.759083566239499,3.91125,0.4689791692523491,3.91125,1.5042843588159551
3.96375,2.3125526416598214,3.96375,0.8319989409583834,3.96375,0.934173331191209,3.96375,1.9817496224576412,3.96375,1.6095607067927205,3.96375,0.4330088315228002,3.96375,1.3800741566554495,3.96375,1.8293489964099334,3.96375,0.469753272945431,3.96375,1.4325090290455211
4.016249999999999,2.241451974592235,4.016249999999999,0.7595333243389479,4.016249999999999,1.0365545908464608,4.016249999999999,2.0078884092505973,4.016249999999999,1.6518798260501366,4.016249999999999,0.4640198292764026,4.016249999999999,1.3363771083160394,4.016249999999999,1.7202071030184622,4.016249999999999,0.44826217639008,4.016249999999999,1.4893685005706672
4.06875,2.1219278993557706,4.06875,0.7076451207186466,4.06875,1.2118391644346103,4.06875,1.970282174872217,4.06875,1.6870219936542812,4.06875,0.4939109591256682,4.06875,1.3387078261227159,4.06875,1.6855830812678332,4.06875,0.46449129145724355,4.06875,1.328976910637107
4.12125,1.997894716689749,4.12125,0.6870679692897297,4.12125,1.247180884634592,4.12125,2.016199127639779,4.12125,1.7924775351025932,4.12125,0.5118698946682271,4.12125,1.2928207380302303,4.12125,1.645992860889003,4.12125,0.41854334304923463,4.12125,1.1166670219693018
4.17375,1.9074298737634292,4.17375,0.626106059449386,4.17375,1.436515082600216,4.17375,1.9137125323995168,4.17375,1.9402796639675601,4.17375,0.5467119285984103,4.17375,1.2244604846413318,4.17375,1.5668014678892335,4.17375,0.4742119032738234,4.17375,1.4226357098214701
4.22625,1.7520972536346788,4.22625,0.5923452885831961,4.22625,1.4862042283352273,4.22625,1.811806392090696,4.22625,1.7956833466571824,4.22625,0.580082327266889,4.22625,1.2087207628427012,4.22625,1.5222584062994753,4.22625,0.4625035696710615,4.22625,1.2317697110627248
4.27875,1.630016067780004,4.27875,0.566219311607197,4.27875,1.5239407581063038,4.27875,1.8044218068388238,4.27875,1.9472913255193962,4.27875,0.6203927038005581,4.27875,1.2114297209196148,4.27875,1.393680653604939,4.27875,0.4665713010625482,4.27875,1.0635983935406113
4.33125,1.5112034709593785,4.33125,0.5454524898037831,4.33125,1.6505609338836358,4.33125,1.6999261358354483,4.33125,1.8964255341701153,4.33125,0.6380599549201578,4.33125,1.1696162032472164,4.33125,1.3452249948073847,4.33125,0.477796069529414,4.33125,1.1997324504484657
4.38375,1.4145524573724964,4.38375,0.5256190834740688,4.38375,1.674235326908691,4.38375,1.622798240522381,4.38375,1.9295879889147785,4.38375,0.6835220994756488,4.38375,1.1368975212298522,4.38375,1.2605605614140423,4.38375,0.4708069163460654,4.38375,1.0000991639152443
4.436249999999999,1.2988889675842845,4.436249999999999,0.5287134431593477,4.436249999999999,1.7843373546434083,4.436249999999999,1.5772245109344851,4.436249999999999,1.8127318051177632,4.436249999999999,0.6977177368850035,4.436249999999999,1.0925179554878328,4.436249999999999,1.2149504876409905,4.436249999999999,0.48162151053958707,4.436249999999999,1.1307635464842478
4.48875,1.2114427215723387,4.48875,0.5171326139088007,4.48875,1.6756198709632952,4.48875,1.5293363504953637,4.48875,1.8281270542206147,4.48875,0.7468430533056659,4.48875,1.0627383110019768,4.48875,1.2092019456843908,4.48875,0.5243433554339696,4.48875,1.280178724171234
4.54125,1.113764755931017,4.54125,0.5173079122586048,4.54125,1.7867609921460919,4.54125,1.4492569496093066,4.54125,1.686808609638773,4.54125,0.7823886408174329,4.54125,1.0503260946444801,4.54125,1.1602636085766724,4.54125,0.5359062288831352,4.54125,1.1158657664117486
4.59375,1.0391747268979912,4.59375,0.5137353381985098,4.59375,1.7961348759515359,4.59375,1.3883825430435632,4.59375,1.6999154524725206,4.59375,0.8329969379988819,4.59375,0.9953988083374902,4.59375,1.0876136953185898,4.59375,0.5476942432268245,4.59375,0.8867853306055067
4.64625,0.9629813903536836,4.64625,0.4997150210599037,4.64625,1.7583454446008342,4.64625,1.3742089187413,4.64625,1.6674310251032578,4.64625,0.8589815595835905,4.64625,0.9467537914135272,4.64625,1.086602584189917,4.64625,0.5523076910441852,4.64625,0.8317155096085647
4.6987499999999995,0.9184606091356152,4.6987499999999995,0.5115186967991994,4.6987499999999995,1.7298327529113284,4.6987499999999995,1.3056977375122596,4.6987499999999995,1.5476862808670477,4.6987499999999995,0.8890670642817172,4.6987499999999995,0.8828099811993725,4.6987499999999995,1.041128734538697,4.6987499999999995,0.5862749033727013,4.6987499999999995,0.801779715900438
4.75125,0.844741893813659,4.75125,0.5153044205590551,4.75125,1.7287015211437655,4.75125,1.2291782631333705,4.75125,1.454655744992794,4.75125,0.9292089832494805,4.75125,0.8187619200171334,4.75125,1.0808259135863842,4.75125,0.6074119739923162,4.75125,0.9409906810208833
4.80375,0.8062364161001213,4.80375,0.5245054764744153,4.80375,1.6603311289776315,4.80375,1.2044488850185957,4.80375,1.430518078864143,4.80375,0.955489816624964,4.80375,0.8035887836748445,4.80375,1.0422151134078113,4.80375,0.6680779983268669,4.80375,1.0739577056943437
4.856249999999999,0.7826852952268217,4.856249999999999,0.5308365047958783,4.856249999999999,1.6660542139188885,4.856249999999999,1.1769244235086809,4.856249999999999,1.3118784240710095,4.856249999999999,0.9964461445110935,4.856249999999999,0.7505773211539402,4.856249999999999,1.0708298724116991,4.856249999999999,0.6525198349038294,4.856249999999999,0.7077238866698867
4.9087499999999995,0.7405967001221397,4.9087499999999995,0.531146710820618,4.9087499999999995,1.5379960950817357,4.9087499999999995,1.1475946565954604,4.9087499999999995,1.3443771205927162,4.9087499999999995,1.0268159695483126,4.9087499999999995,0.7124373860738725,4.9087499999999995,0.9829060761136807,4.9087499999999995,0.7105467859452688,4.9087499999999995,0.881575552802992
4.96125,0.7167481578632965,4.96125,0.5599752575099197,4.96125,1.5155416277237446,4.96125,1.1038381498312206,4.96125,1.2860052304031508,4.96125,1.0559201370567382,4.96125,0.6719313795632421,4.96125,1.0174811721613664,4.96125,0.7389676139196305,4.96125,0.8630167602315766
5.01375,0.7042609302349461,5.01375,0.5676933869936804,5.01375,1.4358283368432299,5.01375,1.095767337751465,5.01375,1.1895307045722645,5.01375,1.0946293506699458,5.01375,0.6515796523481809,5.01375,0.9435562775541919,5.01375,0.8245453598120285,5.01375,0.7746180763891581
5.06625,0.6789365524461506,5.06625,0.590993412409478,5.06625,1.396276005745743,5.06625,1.107779119629282,5.06625,1.1765398809257812,5.06625,1.1118670896910967,5.06625,0.6336394301062556,5.06625,0.938371430554128,5.06625,0.8396570814150563,5.06625,0.8177625030209218
5.11875,0.6684486899809021,5.11875,0.6102412523719029,5.11875,1.3351548162027616,5.11875,1.1041667063596963,5.11875,1.0979163691896188,5.11875,1.1412060420831556,5.11875,0.5965359391135048,5.11875,0.8905999908470472,5.11875,0.8607703393792698,5.11875,1.0713159082722887
5.17125,0.6563002801638377,5.17125,0.6447348844551574,5.17125,1.2791214126680464,5.17125,1.0558059316194743,5.17125,1.095111339635018,5.17125,1.1780978184159812,5.17125,0.574599538592693,5.17125,0.8184782555401892,5.17125,0.9064251148709204,5.17125,0.7565217342044774
5.22375,0.6571479889103188,5.22375,0.6695129689318622,5.22375,1.2144811553244077,5.22375,1.0735527985377886,5.22375,1.056031259571121,5.22375,1.193789942938503,5.22375,0.5653280735543428,5.22375,0.8410962246312501,5.22375,0.959690508246092,5.22375,1.0194137373000334
5.27625,0.6421546761229769,5.27625,0.6957669564450979,5.27625,1.1649092995213997,5.27625,1.0719602391445195,5.27625,1.0430965388844666,5.27625,1.195784596467125,5.27625,0.5826219644869293,5.27625,0.7943705924402434,5.27625,0.9591915850620238,5.27625,0.8448018485060476
5.328749999999999,0.6335589321111288,5.328749999999999,0.7149966533820387,5.328749999999999,1.1029701285701212,5.328749999999999,1.0481108165976998,5.328749999999999,1.0130869037085046,5.328749999999999,1.2413328104992718,5.328749999999999,0.5836115135600072,5.328749999999999,0.7480856124296935,5.328749999999999,1.0208663890960765,5.328749999999999,0.9529185777378238
5.38125,0.6444904203597726,5.38125,0.7668586006679073,5.38125,1.062384222315912,5.38125,1.0140105010220442,5.38125,1.0087516895000117,5.38125,1.2494010743036281,5.38125,0.5718992320936194,5.38125,0.7299465423263424,5.38125,1.0417977107346492,5.38125,0.9780801854273762
5.43375,0.6483727840986363,5.43375,0.7832379675629191,5.43375,1.0032242217525327,5.43375,1.0235552921618276,5.43375,0.9726411745127005,5.43375,1.2775520040578066,5.43375,0.5696685128512042,5.43375,0.740718292250207,5.43375,1.096310327285793,5.43375,0.865057367623946
5.48625,0.657538062252679,5.48625,0.8352606795900941,5.48625,0.982271477317752,5.48625,1.0110551974307964,5.48625,1.0426413978789006,5.48625,1.3029048588493337,5.48625,0.5999883012423446,5.48625,0.6651898356560954,5.48625,1.1292625418486761,5.48625,0.9494020433122929
5.53875,0.6736368152931863,5.53875,0.892886710744436,5.53875,0.9441960303981131,5.53875,0.9703900731388335,5.53875,1.02457795045117,5.53875,1.2941931450263306,5.53875,0.6193671749579812,5.53875,0.6657149891613588,5.53875,1.1742077932935286,5.53875,0.9397326021210299
5.59125,0.6867498213323591,5.59125,0.9301914503504446,5.59125,0.9261928898172638,5.59125,0.9433128609930166,5.59125,1.0077950922773058,5.59125,1.3324853737757962,5.59125,0.6305166404032799,5.59125,0.6343043206962866,5.59125,1.1963017919747858,5.59125,0.8979004434130811
5.64375,0.7116767209780831,5.64375,0.9781596073166496,5.64375,0.9289095228252543,5.64375,0.8912291016043554,5.64375,1.0534225149404595,5.64375,1.3173468333573002,5.64375,0.6596472296669637,5.64375,0.6296763638367477,5.64375,1.2147278375407173,5.64375,0.9844853062421499
5.69625,0.7224612872799748,5.69625,1.004503400204337,5.69625,0.8728591521588861,5.69625,0.8643758564884629,5.69625,1.0340942087513265,5.69625,1.3317863077469265,5.69625,0.6675728359284361,5.69625,0.6175854979724421,5.69625,1.2510371482152656,5.69625,0.7092289508917644
5.748749999999999,0.7380270444120008,5.748749999999999,1.0500070813226157,5.748749999999999,0.8983103597266286,5.748749999999999,0.8473861039125538,5.748749999999999,1.014546479571585,5.748749999999999,1.319886287189978,5.748749999999999,0.6969314009859783,5.748749999999999,0.6232442095777286,5.748749999999999,1.226307792367456,5.748749999999999,0.7652024588380241
5.80125,0.773185382515117,5.80125,1.0995712071717407,5.80125,0.8844342571647402,5.80125,0.8118699010128426,5.80125,1.0659102407207361,5.80125,1.323959393192649,5.80125,0.7085942716449732,5.80125,0.6177152834570961,5.80125,1.3099675201613221,5.80125,0.864127714064352
5.85375,0.7933589487147882,5.85375,1.1381363466826198,5.85375,0.8670212169382955,5.85375,0.7910043574974398,5.85375,0.9849568383753432,5.85375,1.2953554971954144,5.85375,0.7496234376949669,5.85375,0.6260255767199606,5.85375,1.2756425719664204,5.85375,0.8782171810002375
5.90625,0.8144577705065298,5.90625,1.1375013132973866,5.90625,0.887640014458374,5.90625,0.7744804814521019,5.90625,1.0191540264009538,5.90625,1.2920110615448235,5.90625,0.7734581069138157,5.90625,0.6094462548217625,5.90625,1.2670271536871909,5.90625,0.8191777592497602
5.95875,0.8295900106267325,5.95875,1.1795607651668027,5.95875,0.8958315545577344,5.95875,0.7272532750185857,5.95875,0.9588889240175866,5.95875,1.2773265432685792,5.95875,0.7834658966453326,5.95875,0.6262608508623106,5.95875,1.3057334080070397,5.95875,0.6196298536178861
6.0112499999999995,0.8618182006682134,6.0112499999999995,1.2181061909246562,6.0112499999999995,0.9373995393507443,6.0112499999999995,0.7320868021692879,6.0112499999999995,0.9879581437346786,6.0112499999999995,1.2514526917904716,6.0112499999999995,0.8208992823816751,6.0112499999999995,0.6501199199775409,6.0112499999999995,1.3141292286603679,6.0112499999999995,0.6858354909339907
6.06375,0.8831262923478901,6.06375,1.2420054043417883,6.06375,0.9209359359584571,6.06375,0.718215498727127,6.06375,0.9830026565968232,6.06375,1.2256075657065293,6.06375,0.8675592259832663,6.06375,0.6687934986214235,6.06375,1.293510220567219,6.06375,0.6740110365539309
6.11625,0.9168464090781688,6.11625,1.2573235702617267,6.11625,0.8882770908460059,6.11625,0.7005146130443347,6.11625,0.9180545052957942,6.11625,1.1854650568145078,6.11625,0.8904192204189385,6.11625,0.6988544371900294,6.11625,1.3107082052479964,6.11625,0.7030503610957733
6.168749999999999,0.926895389067628,6.168749999999999,1.2809113271958084,6.168749999999999,0.9592895561256545,6.168749999999999,0.6839133319219522,6.168749999999999,0.873967505851164,6.168749999999999,1.1727059063166798,6.168749999999999,0.9131022935276085,6.168749999999999,0.7012174056334226,6.168749999999999,1.2675722528607078,6.168749999999999,0.7310076875720974
6.2212499999999995,0.9333821086279956,6.2212499999999995,1.291787501587615,6.2212499999999995,0.9497650076439512,6.2212499999999995,0.6917075473035702,6.2212499999999995,0.8516299541678035,6.2212499999999995,1.1435717827204188,6.2212499999999995,0.9346115137607974,6.2212499999999995,0.7417032196852208,6.2212499999999995,1.2484469690869626,6.2212499999999995,0.6925867853318253
6.27375,0.953853820163439,6.27375,1.2961146897529598,6.27375,0.9539629773111012,6.27375,0.6817356092062958,6.27375,0.8913432904503489,6.27375,1.109595014508617,6.27375,0.9622722022311142,6.27375,0.7421916735981099,6.27375,1.2571471502149878,6.27375,0.6681940559916117
6.32625,0.9755674299379962,6.32625,1.2964734982676516,6.32625,0.9645491583299828,6.32625,0.67773752509277,6.32625,0.8205125297908202,6.32625,1.0835563177584895,6.32625,1.0080180377297534,6.32625,0.796598008792487,6.32625,1.2464315265624724,6.32625,0.707699762734682
6.37875,0.9960526684554798,6.37875,1.2882064703402933,6.37875,0.9626531382971286,6.37875,0.6848807758293064,6.37875,0.7767439343402758,6.37875,1.0522558727813867,6.37875,1.032642198252955,6.37875,0.8311174733656033,6.37875,1.2467158981977642,6.37875,0.5780102696408024
6.4312499999999995,1.0184463971755444,6.4312499999999995,1.2943514502126918,6.4312499999999995,0.9566638607555351,6.4312499999999995,0.7026234922980057,6.4312499999999995,0.8219745604945301,6.4312499999999995,1.023831789715119,6.4312499999999995,1.0624564484113332,6.4312499999999995,0.8264585816693415,6.4312499999999995,1.2090080183148697,6.4312499999999995,0.739806929356561
6.48375,1.021809491309678,6.48375,1.2899567466484532,6.48375,0.919842450800479,6.48375,0.7151507089742455,6.48375,0.7916977485117211,6.48375,1.009911620155522,6.48375,1.0834440336440758,6.48375,0.8566893724309818,6.48375,1.176363345947735,6.48375,0.8000607528974084
6.53625,1.0441111868097153,6.53625,1.2820226111273467,6.53625,0.9633360444829203,6.53625,0.723601998009319,6.53625,0.8229199193047156,6.53625,0.9709948916367156,6.53625,1.0742308116924788,6.53625,0.8613527189237866,6.53625,1.12904185159968,6.53625,0.7280675707111721
6.588749999999999,1.051057288942957,6.588749999999999,1.2787231181157732,6.588749999999999,0.893060225692056,6.588749999999999,0.7589442175520237,6.588749999999999,0.7734854061135854,6.588749999999999,0.9484851156020796,6.588749999999999,1.1128743542082855,6.588749999999999,0.8966935631035298,6.588749999999999,1.1380898862983082,6.588749999999999,0.809715894460199
6.641249999999999,1.0644415168472663,6.641249999999999,1.2732230566077558,6.641249999999999,0.9066854737301802,6.641249999999999,0.7643523982526915,6.641249999999999,0.7870358822495919,6.641249999999999,0.9310113885624001,6.641249999999999,1.1659000125189787,6.641249999999999,0.9636333633155952,6.641249999999999,1.1148587331479156,6.641249999999999,0.8313660838617312
6.69375,1.078016649617259,6.69375,1.25599074046923,6.69375,0.928199733103455,6.69375,0.7922259997178817,6.69375,0.7934601740535556,6.69375,0.9246062288294176,6.69375,1.1577624553269295,6.69375,0.9633680054809228,6.69375,1.1225237522898923,6.69375,0.9030358677639356
6.74625,1.0932575947230885,6.74625,1.2465923386578484,6.74625,0.8811210091340316,6.74625,0.8145162419754868,6.74625,0.7692326270217736,6.74625,0.8992543942373403,6.74625,1.182772309262588,6.74625,1.0039970935661215,6.74625,1.0880396266386658,6.74625,0.8279143971945058
6.79875,1.105617194602191,6.79875,1.2153159268136182,6.79875,0.9083978373578732,6.79875,0.8267498689350908,6.79875,0.7920925968852951,6.79875,0.8935007013055606,6.79875,1.1847125943177927,6.79875,1.0432611911643912,6.79875,1.039285465373938,6.79875,0.837061465677469
6.85125,1.118142355259499,6.85125,1.2079747837197572,6.85125,0.8815206824825805,6.85125,0.8571914522072779,6.85125,0.7694876899230826,6.85125,0.8723049001871773,6.85125,1.2004171654358893,6.85125,1.044053570237874,6.85125,1.0290058230511714,6.85125,0.8943191969973532
6.90375,1.132870870223781,6.90375,1.173366741142854,6.90375,0.8711927761523871,6.90375,0.8808316414610987,6.90375,0.7655936517702795,6.90375,0.8667117450192862,6.90375,1.185927093916845,6.90375,1.0381147186235296,6.90375,1.0098779006983332,6.90375,1.0293326413422588
6.95625,1.1335487672765576,6.95625,1.1569546223007003,6.95625,0.8502915418042798,6.95625,0.9049290670448062,6.95625,0.8020079122492847,6.95625,0.8558112029843368,6.95625,1.1923367573180719,6.95625,1.1025169382729358,6.95625,0.9627550656721388,6.95625,1.0504366186977678
7.00875,1.1610544584563849,7.00875,1.1200573959801008,7.00875,0.819745904345393,7.00875,0.9483156179301542,7.00875,0.8292133002936272,7.00875,0.8478311556752277,7.00875,1.2098579741988074,7.00875,1.089967189247466,7.00875,0.9621139985000525,7.00875,1.1325717699346636
7.061249999999999,1.1505531520247823,7.061249999999999,1.1263903874448606,7.061249999999999,0.8378840264654631,7.061249999999999,0.9638273006882768,7.061249999999999,0.8243510131345921,7.061249999999999,0.8593181936111145,7.061249999999999,1.23390789596822,7.061249999999999,1.110896339842841,7.061249999999999,0.9454187486848212,7.061249999999999,1.136080387849354
7.11375,1.1553659473010092,7.11375,1.1006442697194627,7.11375,0.8442105278267564,7.11375,0.9995079838740327,7.11375,0.8517185216639775,7.11375,0.8421724196325503,7.11375,1.203790998600044,7.11375,1.12695559086009,7.11375,0.9344770900969829,7.11375,1.0544099786655794
7.16625,1.1596385984729733,7.16625,1.0781311905273994,7.16625,0.8608555278006893,7.16625,1.013692085681582,7.16625,0.8652273037385131,7.16625,0.8409152707585291,7.16625,1.2272918911453465,7.16625,1.1587276989276845,7.16625,0.9108044468591292,7.16625,1.103032698158593
7.21875,1.171133494861909,7.21875,1.0531162345335408,7.21875,0.8279264315879526,7.21875,1.033089736897243,7.21875,0.8403782330123039,7.21875,0.8321866880212613,7.21875,1.2345536680529197,7.21875,1.169044078527354,7.21875,0.9037156597757979,7.21875,1.1307229943614845
7.27125,1.166531165655127,7.27125,1.0350861306073988,7.27125,0.8174839452571516,7.27125,1.0592092926491947,7.27125,0.8805503922711676,7.27125,0.847619393104773,7.27125,1.2207490122830822,7.27125,1.1502443938730702,7.27125,0.9052391248343066,7.27125,1.1670675840329574
7.3237499999999995,1.1798882761636074,7.3237499999999995,1.0225226478038767,7.3237499999999995,0.8558969936576984,7.3237499999999995,1.0851901673328312,7.3237499999999995,0.9098289686711957,7.3237499999999995,0.844886030790999,7.3237499999999995,1.201461794602574,7.3237499999999995,1.1786838888877347,7.3237499999999995,0.877464672838647,7.3237499999999995,1.1645396822210818
7.37625,1.1737224568187443,7.37625,0.9876893569171482,7.37625,0.8251880442502837,7.37625,1.088232740916717,7.37625,0.9304791003415662,7.37625,0.8469791763704358,7.37625,1.1972754979050366,7.37625,1.2334461475993834,7.37625,0.8564114255837619,7.37625,1.227035304836393
7.42875,1.1637866586687324,7.42875,0.9692333268240192,7.42875,0.8626534259407876,7.42875,1.12764020190005,7.42875,0.9535861098319341,7.42875,0.8452946500654056,7.42875,1.1925881200838164,7.42875,1.189211615364472,7.42875,0.8618304982323151,7.42875,1.2097534051594998
7.481249999999999,1.1631061033322239,7.481249999999999,0.9489922078444952,7.481249999999999,0.8956173654663094,7.481249999999999,1.1500374052457374,7.481249999999999,0.9565594601018291,7.481249999999999,0.8590503353081713,7.481249999999999,1.1625261115375396,7.481249999999999,1.1872251172930774,7.481249999999999,0.8429159840495369,7.481249999999999,1.084394595322811
7.5337499999999995,1.1544752042683246,7.5337499999999995,0.9308855037730928,7.5337499999999995,0.8698769674879872,7.5337499999999995,1.1503882261197105,7.5337499999999995,0.9784838986659967,7.5337499999999995,0.8726747128530511,7.5337499999999995,1.1651080738205988,7.5337499999999995,1.1968549318882515,7.5337499999999995,0.8348394613809598,7.5337499999999995,1.2609227761241182
7.58625,1.1457793452178235,7.58625,0.9241190585311448,7.58625,0.9145949306123107,7.58625,1.1611295822820649,7.58625,0.9757051077239303,7.58625,0.8729364488051337,7.58625,1.1819577566401767,7.58625,1.2197422535160112,7.58625,0.8526186350077805,7.58625,1.2215605028380225
7.63875,1.1306240360077582,7.63875,0.9069147721194758,7.63875,0.9075842379367285,7.63875,1.1773728872821942,7.63875,1.0337961620103895,7.63875,0.8782893371748729,7.63875,1.144152316728063,7.63875,1.193469226931859,7.63875,0.8497674473566732,7.63875,1.265501804865888
7.69125,1.1200359674278884,7.69125,0.8789011836503582,7.69125,0.9068725405232548,7.69125,1.19817868058115,7.69125,1.0768694350768229,7.69125,0.8879358580944836,7.69125,1.1349168154732652,7.69125,1.2235191536787937,7.69125,0.8456477384835104,7.69125,1.2140847891203066
7.7437499999999995,1.1086579390298,7.7437499999999995,0.8779615560259872,7.7437499999999995,0.9362751817724236,7.7437499999999995,1.1967988760888528,7.7437499999999995,1.0738374637690444,7.7437499999999995,0.9024275714344918,7.7437499999999995,1.1242643889977924,7.7437499999999995,1.202913606527279,7.7437499999999995,0.8351573920451835,7.7437499999999995,1.1470723559341363
7.79625,1.1075676557184602,7.79625,0.8753099786991658,7.79625,0.967911462553045,7.79625,1.1886709347437752,7.79625,1.078095592267257,7.79625,0.9138672973550204,7.79625,1.1054587536326654,7.79625,1.1838979990748522,7.79625,0.8595434019422732,7.79625,1.3438648275974479
7.84875,1.0677093297962084,7.84875,0.8474192067504921,7.84875,0.9760923590369655,7.84875,1.1799068869171692,7.84875,1.0705296552214874,7.84875,0.9209576719032948,7.84875,1.1052922514673515,7.84875,1.1879306459594914,7.84875,0.8494513604239253,7.84875,1.3300519958812418
7.901249999999999,1.0703510800901364,7.901249999999999,0.8490719789731417,7.901249999999999,1.0083347239236542,7.901249999999999,1.1958605760040857,7.901249999999999,1.0942891830470698,7.901249999999999,0.9357180256986996,7.901249999999999,1.093740503227895,7.901249999999999,1.1744315808441061,7.901249999999999,0.8653553907696169,7.901249999999999,1.336740036712428
7.953749999999999,1.0501408170830495,7.953749999999999,0.8423200631205321,7.953749999999999,1.0177064529899764,7.953749999999999,1.1760712136698481,7.953749999999999,1.1263000272978299,7.953749999999999,0.9474366473617859,7.953749999999999,1.0702082633535748,7.953749999999999,1.145194519827602,7.953749999999999,0.8661096412594406,7.953749999999999,1.2072235922785433
8.00625,1.0352092366738248,8.00625,0.8314377995608138,8.00625,1.072818414651272,8.00625,1.2034014138715152,8.00625,1.1258184848616837,8.00625,0.9619653871432816,8.00625,1.0645530869279847,8.00625,1.1435568450740932,8.00625,0.8815276343336247,8.00625,1.3808115604927487
8.05875,1.024215543570173,8.05875,0.8357409502621426,8.05875,1.0558087422865472,8.05875,1.1782821791151235,8.05875,1.1298126077864823,8.05875,0.962631340526593,8.05875,1.0311380752140622,8.05875,1.1407903106982125,8.05875,0.9093072311136162,8.05875,1.2460609796703639
8.111249999999998,1.0039832014263932,8.111249999999998,0.8304572706279704,8.111249999999998,1.0752601367293964,8.111249999999998,1.1717488891767784,8.111249999999998,1.197733443786598,8.111249999999998,0.9868360357357485,8.111249999999998,1.0143174219689093,8.111249999999998,1.1385295207803479,8.111249999999998,0.9015604544386512,8.111249999999998,1.2338266948712757
8.16375,0.9922229377459443,8.16375,0.841404785965355,8.16375,1.09212644526709,8.16375,1.1659175306424294,8.16375,1.1420276874954147,8.16375,0.9906487570973797,8.16375,1.001974628383622,8.16375,1.1105873008156941,8.16375,0.8919696231282469,8.16375,1.1724755893743446
8.216249999999999,0.9795599870391175,8.216249999999999,0.8370212399065102,8.216249999999999,1.0729514053564164,8.216249999999999,1.154581368615155,8.216249999999999,1.142829567596401,8.216249999999999,1.0010008723433927,8.216249999999999,1.002590634936878,8.216249999999999,1.089464418627058,8.216249999999999,0.901973657678974,8.216249999999999,1.2399536346219027
8.26875,0.9653401332809088,8.26875,0.8364997774525881,8.26875,1.1316292157941716,8.26875,1.1488695379866904,8.26875,1.1456841441132937,8.26875,1.0083539544376843,8.26875,1.001096470436813,8.26875,1.12184346184209,8.26875,0.9189128573554708,8.26875,1.205764903166794
8.32125,0.9565198487992685,8.32125,0.8430509282300616,8.32125,1.1307031235777594,8.32125,1.1596855877052976,8.32125,1.1583525098478906,8.32125,1.0210255250831646,8.32125,0.9823797661270492,8.32125,1.070455376282072,8.32125,0.9422526029814663,8.32125,1.2307718108711398
8.373750000000001,0.9510574376388384,8.373750000000001,0.8521287205666408,8.373750000000001,1.1369945719118044,8.373750000000001,1.1051694905924516,8.373750000000001,1.1410584711847565,8.373750000000001,1.028803288650351,8.373750000000001,0.9854948552982647,8.373750000000001,1.0506080484952252,8.373750000000001,0.9259330929647961,8.373750000000001,1.251452271781185
8.42625,0.9481862724094637,8.42625,0.8630293758161117,8.42625,1.1719698002753152,8.42625,1.1243318200796333,8.42625,1.1595473199966575,8.42625,1.0422242279798009,8.42625,0.9543261106343939,8.42625,1.0198715518671064,8.42625,0.9838179680516375,8.42625,1.1789194395920466
8.47875,0.9420912356121647,8.47875,0.8748539121815165,8.47875,1.1652230449170162,8.47875,1.1036348521679233,8.47875,1.1644508626473562,8.47875,1.0400925353226216,8.47875,0.9418549588656432,8.47875,1.0494933367090002,8.47875,0.951868766039463,8.47875,1.2487903261002262
8.53125,0.9284753881546324,8.53125,0.8849952377345386,8.53125,1.1545870073678923,8.53125,1.0707364942292206,8.53125,1.1454175651843361,8.53125,1.0531703506873378,8.53125,0.9299202474564999,8.53125,1.0016310800037327,8.53125,1.0019594545382016,8.53125,1.0944856358653228
8.583749999999998,0.9174734237508467,8.583749999999998,0.890470748410763,8.583749999999998,1.1703417534374074,8.583749999999998,1.0629787203963044,8.583749999999998,1.1123629328981781,8.583749999999998,1.05314835240033,8.583749999999998,0.9197011201485993,8.583749999999998,1.0145066782913559,8.583749999999998,1.0029608590408268,8.583749999999998,1.1154602709864707
8.63625,0.9228513989820045,8.63625,0.9071051891825871,8.63625,1.170297182535901,8.63625,1.0620026801405187,8.63625,1.144197957656147,8.63625,1.0667672724773105,8.63625,0.9211065244079025,8.63625,0.9835031103566504,8.63625,1.0167983826111557,8.63625,1.0307374489900414
8.688749999999999,0.9242343414875087,8.688749999999999,0.909711447262298,8.688749999999999,1.1707564750011326,8.688749999999999,1.0438322720427304,8.688749999999999,1.1356414606286023,8.688749999999999,1.0688538538650398,8.688749999999999,0.9222650038349187,8.688749999999999,1.008154367162054,8.688749999999999,1.0283682780526773,8.688749999999999,1.1724068316561467
8.74125,0.9163620038523252,8.74125,0.9312403210078021,8.74125,1.1715562375319688,8.74125,1.034788581889506,8.74125,1.0874919475815923,8.74125,1.0707374138330472,8.74125,0.9116525195070038,8.74125,0.9547676482824444,8.74125,1.015317167773356,8.74125,1.1186507875286302
8.79375,0.9266025090570069,8.79375,0.9453056909546991,8.79375,1.1741199178565223,8.79375,1.0134595271772404,8.79375,1.056998257617635,8.79375,1.0711843293268253,8.79375,0.916254538088615,8.79375,0.9567079059575877,8.79375,1.043684009741472,8.79375,1.1151443283845575
8.846250000000001,0.9292072882356968,8.846250000000001,0.9523256158824682,8.846250000000001,1.178242851894754,8.846250000000001,1.0225511050802032,8.846250000000001,1.0943022112319731,8.846250000000001,1.0777296987971963,8.846250000000001,0.9109712688796406,8.846250000000001,0.9580892590306697,8.846250000000001,1.072504792910673,8.846250000000001,1.2118191081598666
8.89875,0.9251202005795915,8.89875,0.96625450210235,8.89875,1.151622909325317,8.89875,0.9881371856166575,8.89875,1.065538606144681,8.89875,1.076594992694879,8.89875,0.9028969809019965,8.89875,0.9269960260323725,8.89875,1.0607151803555486,8.89875,1.1113380725491453
8.951249999999998,0.9245650662351538,8.951249999999998,0.9860017119291222,8.951249999999998,1.1583839401272131,8.951249999999998,0.9840816544654382,8.951249999999998,1.0558475626518378,8.951249999999998,1.0798748255211192,8.951249999999998,0.9108270148456391,8.951249999999998,0.9198544050765445,8.951249999999998,1.0715712897616336,8.951249999999998,1.0825593666938462
9.00375,0.9340082591341664,9.00375,0.9959670787681115,9.00375,1.1707983449491575,9.00375,0.9593216217785983,9.00375,1.0195278084713424,9.00375,1.079760231082987,9.00375,0.9123968857359621,9.00375,0.9328233436891475,9.00375,1.0698560745279984,9.00375,1.0169409468677584
9.056249999999999,0.9325280001833701,9.056249999999999,1.0119278806359888,9.056249999999999,1.1284298161889823,9.056249999999999,0.9576137434276332,9.056249999999999,1.0654986161605287,9.056249999999999,1.0734089287286643,9.056249999999999,0.9053409581257108,9.056249999999999,0.9226773219705501,9.056249999999999,1.072333877689007,9.056249999999999,0.9373499965997197
9.10875,0.929994236663285,9.10875,1.0287441625809974,9.10875,1.12148105657216,9.10875,0.9443919861781946,9.10875,1.0250023736240004,9.10875,1.0685682813592121,9.10875,0.9077461910880231,9.10875,0.9454942715754373,9.10875,1.0612500937261826,9.10875,1.0241102914885574
9.161249999999999,0.93185008923152,9.161249999999999,1.0198533479630092,9.161249999999999,1.0931871532681126,9.161249999999999,0.9138934395853487,9.161249999999999,0.9715455366115715,9.161249999999999,1.0476458823265002,9.161249999999999,0.8904818199415944,9.161249999999999,0.9164022561152811,9.161249999999999,1.0571566246460977,9.161249999999999,0.8979079702208911
9.213750000000001,0.9178274046896042,9.213750000000001,1.0114852901419464,9.213750000000001,1.0635017658073809,9.213750000000001,0.9037789782615177,9.213750000000001,0.9657365600311326,9.213750000000001,1.0211889715191138,9.213750000000001,0.8870450116919245,9.213750000000001,0.8874991413695259,9.213750000000001,1.038523890233321,9.213750000000001,0.9532398185080094
9.26625,0.908704401562862,9.26625,1.0065931411600773,9.26625,1.0252365927921063,9.26625,0.8752416627095233,9.26625,0.9628698651774353,9.26625,0.99764933095794,9.26625,0.8632313486634944,9.26625,0.8843770316235232,9.26625,1.018717211298382,9.26625,0.8982906344407512
9.31875,0.8985487799799883,9.31875,0.9989766501214001,9.31875,0.9850789562876499,9.31875,0.8546506140926124,9.31875,0.8946610810728414,9.31875,0.9769169287893875,9.31875,0.868690061937059,9.31875,0.8660052005838185,9.31875,1.0148210207367094,9.31875,0.9114945739447263
9.37125,0.8865356858765445,9.37125,0.9797849518935873,9.37125,0.9750839693999733,9.37125,0.8285796486176626,9.37125,0.8765178513989129,9.37125,0.9504453864902601,9.37125,0.8492635670972483,9.37125,0.8636771748733907,9.37125,0.9778860379823776,9.37125,0.881153282343811
9.423749999999998,0.870369239667714,9.423749999999998,0.9735287940329176,9.423749999999998,0.9161185849191552,9.423749999999998,0.8160107991047417,9.423749999999998,0.8398309322569766,9.423749999999998,0.9319804720975312,9.423749999999998,0.8488818114301065,9.423749999999998,0.843279654531179,9.423749999999998,0.9651223560861399,9.423749999999998,0.7346784321381326
9.47625,0.8609625498795858,9.47625,0.9606653091422127,9.47625,0.9040176743587416,9.47625,0.8034983168263413,9.47625,0.8129675110708474,9.47625,0.9084919752209968,9.47625,0.8259477940846165,9.47625,0.8298832152465009,9.47625,0.9478871689794047,9.47625,0.7997797988263727
9.528749999999999,0.8608201580679907,9.528749999999999,0.946304506133374,9.528749999999999,0.873052009726457,9.528749999999999,0.7853504652354384,9.528749999999999,0.8062076915214434,9.528749999999999,0.8855751687481735,9.528749999999999,0.8193584848578245,9.528749999999999,0.7988664350995726,9.528749999999999,0.9282901535909208,9.528749999999999,0.8411243374130868
9.58125,0.8458857359370455,9.58125,0.9281013934180725,9.58125,0.8615755155462326,9.58125,0.7633389918758468,9.58125,0.8164783879934664,9.58125,0.8679175983688333,9.58125,0.8129236001269526,9.58125,0.824332527897492,9.58125,0.8934543650489181,9.58125,0.7547990627648619
9.63375,0.8387795801672141,9.63375,0.9078895895904067,9.63375,0.8453920147385788,9.63375,0.7660556889335156,9.63375,0.7749061280011815,9.63375,0.8416652205836141,9.63375,0.8106152096111079,9.63375,0.7725273719804056,9.63375,0.8625501229816087,9.63375,0.7493196049068029
9.686250000000001,0.824875280848478,9.686250000000001,0.9036844797128853,9.686250000000001,0.8104563400758791,9.686250000000001,0.7380656768062038,9.686250000000001,0.7425994725505045,9.686250000000001,0.8256884580747438,9.686250000000001,0.7974493334650548,9.686250000000001,0.7827643690492647,9.686250000000001,0.8771839398323649,9.686250000000001,0.6819214172066558
9.73875,0.8181321827063962,9.73875,0.8759316725515672,9.73875,0.7953035570545419,9.73875,0.7276672735081781,9.73875,0.7411179256364734,9.73875,0.8020992235858049,9.73875,0.7945074378329086,9.73875,0.74823569320153,9.73875,0.8528400824124773,9.73875,0.7812433872122635
9.791249999999998,0.8006879915492978,9.791249999999998,0.873168838938799,9.791249999999998,0.7717427132633194,9.791249999999998,0.7166501807045333,9.791249999999998,0.7252137408216733,9.791249999999998,0.7858800565375316,9.791249999999998,0.7892272284363304,9.791249999999998,0.7751619254012821,9.791249999999998,0.8325813272828586,9.791249999999998,0.7095796972606667
9.84375,0.7993246543569217,9.84375,0.8460145677401513,9.84375,0.7478358852269913,9.84375,0.712542604991932,9.84375,0.704513523116996,9.84375,0.7643508154990543,9.84375,0.7704300418529101,9.84375,0.7273189251619893,9.84375,0.7827409378999143,9.84375,0.6837625826999251
9.896249999999998,0.7890161228228926,9.896249999999998,0.8206874156671227,9.896249999999998,0.7184966858181876,9.896249999999998,0.6963243851796703,9.896249999999998,0.6849663366430532,9.896249999999998,0.7491244708497644,9.896249999999998,0.7699817357066874,9.896249999999998,0.7367182098032033,9.896249999999998,0.7834478001885756,9.896249999999998,0.7333346840632321
9.94875,0.7718757757985879,9.94875,0.8082473633623625,9.94875,0.701062670611147,9.94875,0.6897683092418531,9.94875,0.6637972948755502,9.94875,0.7290074047106495,9.94875,0.7536414378532169,9.94875,0.7300205880031957,9.94875,0.7613852186246219,9.94875,0.7511652828041571
10.001249999999999,0.7546728489317135,10.001249999999999,0.798941374442239,10.001249999999999,0.6879500025594223,10.001249999999999,0.6711399280568521,10.001249999999999,0.6413072341093894,10.001249999999999,0.7088489777061721,10.001249999999999,0.7446487513567862,10.001249999999999,0.7141815097307322,10.001249999999999,0.7385242036048822,10.001249999999999,0.6902069107102303
10.05375,0.7406076689309492,10.05375,0.7725160017991088,10.05375,0.6917678508751219,10.05375,0.6595281253648393,10.05375,0.6402410193166947,10.05375,0.6974966782832763,10.05375,0.7316067542000211,10.05375,0.6837937708969364,10.05375,0.732499243041038,10.05375,0.6154661571509897
10.10625,0.7382089432500833,10.10625,0.7533990617442832,10.10625,0.651228108213696,10.10625,0.6564045281162114,10.10625,0.6328817832377767,10.10625,0.6815744482070084,10.10625,0.7282853298114168,10.10625,0.6980524475185396,10.10625,0.7062013257042651,10.10625,0.6660356094779999
10.158750000000001,0.7191784736943743,10.158750000000001,0.7353522205842776,10.158750000000001,0.6416098039947173,10.158750000000001,0.6462246343340489,10.158750000000001,0.6308995725248002,10.158750000000001,0.6664784058416323,10.158750000000001,0.718695979965843,10.158750000000001,0.6661826626504506,10.158750000000001,0.6679727695854341,10.158750000000001,0.664070211284867
10.21125,0.7047455251598177,10.21125,0.7150132465434207,10.21125,0.628214716090491,10.21125,0.6405880860099823,10.21125,0.6019503720279507,10.21125,0.649802160219455,10.21125,0.6997572588297389,10.21125,0.6717275296616396,10.21125,0.6601337374991622,10.21125,0.5966265185017601
10.263749999999998,0.6943685128623184,10.263749999999998,0.694192132297826,10.263749999999998,0.6007263018956699,10.263749999999998,0.6258746746066078,10.263749999999998,0.6082207430889103,10.263749999999998,0.6334175712385975,10.263749999999998,0.6890618418789486,10.263749999999998,0.6484831747364315,10.263749999999998,0.6571319471148176,10.263749999999998,0.6193453042351263
10.31625,0.6768668624767277,10.31625,0.6704725745702013,10.31625,0.5946276103633605,10.31625,0.6234416887602785,10.31625,0.5825727816152535,10.31625,0.6184381620843814,10.31625,0.6716128298768288,10.31625,0.6573039265434228,10.31625,0.6340912903017419,10.31625,0.6011766279043995
10.368749999999999,0.662804773470355,10.368749999999999,0.6519392298527915,10.368749999999999,0.5940944678200344,10.368749999999999,0.6206340607680179,10.368749999999999,0.5929814801347969,10.368749999999999,0.6082440112254608,10.368749999999999,0.6753305324908092,10.368749999999999,0.6438513083221373,10.368749999999999,0.6213267564254967,10.368749999999999,0.6445001884514617
10.42125,0.6454364951549336,10.42125,0.6339904863706909,10.42125,0.5631798316715081,10.42125,0.6022348535797876,10.42125,0.5663489321946188,10.42125,0.5911172812857084,10.42125,0.6636749450203655,10.42125,0.635292829621135,10.42125,0.6058543595970758,10.42125,0.5798090903304114
10.473749999999999,0.6389103691426681,10.473749999999999,0.6162180183093983,10.473749999999999,0.5666566895701612,10.473749999999999,0.5998420395472056,10.473749999999999,0.5633843374305944,10.473749999999999,0.5793900002438255,10.473749999999999,0.6414243674441553,10.473749999999999,0.6084310429707638,10.473749999999999,0.5935631125397988,10.473749999999999,0.5555689259632438
