Ca-Ca,,Ca-Cl,,Ca-Mg,,Ca-Na,,Cl-Cl,,Mg-Cl,,Mg-Mg,,Mg-Na,,Na-Cl,,Na-Na,
R (A),RDF,R (A),RDF,R (A),RDF,R (A),RDF,R (A),RDF,R (A),RDF,R (A),RDF,R (A),RDF,R (A),RDF,R (A),RDF
0.026250000,0.000000000,0.026250000,0.000000000,0.026250000,0.000000000,0.026250000,0.000000000,0.026250000,0.000000000,0.026250000,0.000000000,0.026250000,0.000000000,0.026250000,0.000000000,0.026250000,0.000000000,0.026250000,0.000000000
0.078750000,0.000000000,0.078750000,0.000000000,0.078750000,0.000000000,0.078750000,0.000000000,0.078750000,0.000000000,0.078750000,0.000000000,0.078750000,0.000000000,0.078750000,0.000000000,0.078750000,0.000000000,0.078750000,0.000000000
0.131250000,0.000000000,0.131250000,0.000000000,0.131250000,0.000000000,0.131250000,0.000000000,0.131250000,0.000000000,0.131250000,0.000000000,0.131250000,0.000000000,0.131250000,0.000000000,0.131250000,0.000000000,0.131250000,0.000000000
0.183750000,0.000000000,0.183750000,0.000000000,0.183750000,0.000000000,0.183750000,0.000000000,0.183750000,0.000000000,0.183750000,0.000000000,0.183750000,0.000000000,0.183750000,0.000000000,0.183750000,0.000000000,0.183750000,0.000000000
0.236250000,0.000000000,0.236250000,0.000000000,0.236250000,0.000000000,0.236250000,0.000000000,0.236250000,0.000000000,0.236250000,0.000000000,0.236250000,0.000000000,0.236250000,0.000000000,0.236250000,0.000000000,0.236250000,0.000000000
0.288750000,0.000000000,0.288750000,0.000000000,0.288750000,0.000000000,0.288750000,0.000000000,0.288750000,0.000000000,0.288750000,0.000000000,0.288750000,0.000000000,0.288750000,0.000000000,0.288750000,0.000000000,0.288750000,0.000000000
0.341250000,0.000000000,0.341250000,0.000000000,0.341250000,0.000000000,0.341250000,0.000000000,0.341250000,0.000000000,0.341250000,0.000000000,0.341250000,0.000000000,0.341250000,0.000000000,0.341250000,0.000000000,0.341250000,0.000000000
0.393750000,0.000000000,0.393750000,0.000000000,0.393750000,0.000000000,0.393750000,0.000000000,0.393750000,0.000000000,0.393750000,0.000000000,0.393750000,0.000000000,0.393750000,0.000000000,0.393750000,0.000000000,0.393750000,0.000000000
0.446250000,0.000000000,0.446250000,0.000000000,0.446250000,0.000000000,0.446250000,0.000000000,0.446250000,0.000000000,0.446250000,0.000000000,0.446250000,0.000000000,0.446250000,0.000000000,0.446250000,0.000000000,0.446250000,0.000000000
0.498750000,0.000000000,0.498750000,0.000000000,0.498750000,0.000000000,0.498750000,0.000000000,0.498750000,0.000000000,0.498750000,0.000000000,0.498750000,0.000000000,0.498750000,0.000000000,0.498750000,0.000000000,0.498750000,0.000000000
0.551250000,0.000000000,0.551250000,0.000000000,0.551250000,0.000000000,0.551250000,0.000000000,0.551250000,0.000000000,0.551250000,0.000000000,0.551250000,0.000000000,0.551250000,0.000000000,0.551250000,0.000000000,0.551250000,0.000000000
0.603750000,0.000000000,0.603750000,0.000000000,0.603750000,0.000000000,0.603750000,0.000000000,0.603750000,0.000000000,0.603750000,0.000000000,0.603750000,0.000000000,0.603750000,0.000000000,0.603750000,0.000000000,0.603750000,0.000000000
0.656250000,0.000000000,0.656250000,0.000000000,0.656250000,0.000000000,0.656250000,0.000000000,0.656250000,0.000000000,0.656250000,0.000000000,0.656250000,0.000000000,0.656250000,0.000000000,0.656250000,0.000000000,0.656250000,0.000000000
0.708750000,0.000000000,0.708750000,0.000000000,0.708750000,0.000000000,0.708750000,0.000000000,0.708750000,0.000000000,0.708750000,0.000000000,0.708750000,0.000000000,0.708750000,0.000000000,0.708750000,0.000000000,0.708750000,0.000000000
0.761250000,0.000000000,0.761250000,0.000000000,0.761250000,0.000000000,0.761250000,0.000000000,0.761250000,0.000000000,0.761250000,0.000000000,0.761250000,0.000000000,0.761250000,0.000000000,0.761250000,0.000000000,0.761250000,0.000000000
0.813750000,0.000000000,0.813750000,0.000000000,0.813750000,0.000000000,0.813750000,0.000000000,0.813750000,0.000000000,0.813750000,0.000000000,0.813750000,0.000000000,0.813750000,0.000000000,0.813750000,0.000000000,0.813750000,0.000000000
0.866250000,0.000000000,0.866250000,0.000000000,0.866250000,0.000000000,0.866250000,0.000000000,0.866250000,0.000000000,0.866250000,0.000000000,0.866250000,0.000000000,0.866250000,0.000000000,0.866250000,0.000000000,0.866250000,0.000000000
0.918750000,0.000000000,0.918750000,0.000000000,0.918750000,0.000000000,0.918750000,0.000000000,0.918750000,0.000000000,0.918750000,0.000000000,0.918750000,0.000000000,0.918750000,0.000000000,0.918750000,0.000000000,0.918750000,0.000000000
0.971250000,0.000000000,0.971250000,0.000000000,0.971250000,0.000000000,0.971250000,0.000000000,0.971250000,0.000000000,0.971250000,0.000000000,0.971250000,0.000000000,0.971250000,0.000000000,0.971250000,0.000000000,0.971250000,0.000000000
1.023750000,0.000000000,1.023750000,0.000000000,1.023750000,0.000000000,1.023750000,0.000000000,1.023750000,0.000000000,1.023750000,0.000000000,1.023750000,0.000000000,1.023750000,0.000000000,1.023750000,0.000000000,1.023750000,0.000000000
1.076250000,0.000000000,1.076250000,0.000000000,1.076250000,0.000000000,1.076250000,0.000000000,1.076250000,0.000000000,1.076250000,0.000000000,1.076250000,0.000000000,1.076250000,0.000000000,1.076250000,0.000000000,1.076250000,0.000000000
1.128750000,0.000000000,1.128750000,0.000000000,1.128750000,0.000000000,1.128750000,0.000000000,1.128750000,0.000000000,1.128750000,0.000000000,1.128750000,0.000000000,1.128750000,0.000000000,1.128750000,0.000000000,1.128750000,0.000000000
1.181250000,0.000000000,1.181250000,0.000000000,1.181250000,0.000000000,1.181250000,0.000000000,1.181250000,0.000000000,1.181250000,0.000000000,1.181250000,0.000000000,1.181250000,0.000000000,1.181250000,0.000000000,1.181250000,0.000000000
1.233750000,0.000000000,1.233750000,0.000000000,1.233750000,0.000000000,1.233750000,0.000000000,1.233750000,0.000000000,1.233750000,0.000000000,1.233750000,0.000000000,1.233750000,0.000000000,1.233750000,0.000000000,1.233750000,0.000000000
1.286250000,0.000000000,1.286250000,0.000000000,1.286250000,0.000000000,1.286250000,0.000000000,1.286250000,0.000000000,1.286250000,0.000000000,1.286250000,0.000000000,1.286250000,0.000000000,1.286250000,0.000000000,1.286250000,0.000000000
1.338750000,0.000000000,1.338750000,0.000000000,1.338750000,0.000000000,1.338750000,0.000000000,1.338750000,0.000000000,1.338750000,0.000000000,1.338750000,0.000000000,1.338750000,0.000000000,1.338750000,0.000000000,1.338750000,0.000000000
1.391250000,0.000000000,1.391250000,0.000000000,1.391250000,0.000000000,1.391250000,0.000000000,1.391250000,0.000000000,1.391250000,0.000000000,1.391250000,0.000000000,1.391250000,0.000000000,1.391250000,0.000000000,1.391250000,0.000000000
1.443750000,0.000000000,1.443750000,0.000000000,1.443750000,0.000000000,1.443750000,0.000000000,1.443750000,0.000000000,1.443750000,0.000000000,1.443750000,0.000000000,1.443750000,0.000000000,1.443750000,0.000000000,1.443750000,0.000000000
1.496250000,0.000000000,1.496250000,0.000000000,1.496250000,0.000000000,1.496250000,0.000000000,1.496250000,0.000000000,1.496250000,0.000000000,1.496250000,0.000000000,1.496250000,0.000000000,1.496250000,0.000000000,1.496250000,0.000000000
1.548750000,0.000000000,1.548750000,0.000000000,1.548750000,0.000000000,1.548750000,0.000000000,1.548750000,0.000000000,1.548750000,0.000000000,1.548750000,0.000000000,1.548750000,0.000000000,1.548750000,0.000000000,1.548750000,0.000000000
1.601250000,0.000000000,1.601250000,0.000000000,1.601250000,0.000000000,1.601250000,0.000000000,1.601250000,0.000000000,1.601250000,0.000000000,1.601250000,0.000000000,1.601250000,0.000000000,1.601250000,0.000000000,1.601250000,0.000000000
1.653750000,0.000000000,1.653750000,0.000000000,1.653750000,0.000000000,1.653750000,0.000000000,1.653750000,0.000000000,1.653750000,0.000000000,1.653750000,0.000000000,1.653750000,0.000000000,1.653750000,0.000000000,1.653750000,0.000000000
1.706250000,0.000000000,1.706250000,0.000000000,1.706250000,0.000000000,1.706250000,0.000000000,1.706250000,0.000000000,1.706250000,0.000000000,1.706250000,0.000000000,1.706250000,0.000000000,1.706250000,0.000000000,1.706250000,0.000000000
1.758750000,0.000000000,1.758750000,0.000000000,1.758750000,0.000000000,1.758750000,0.000000000,1.758750000,0.000000000,1.758750000,0.000000000,1.758750000,0.000000000,1.758750000,0.000000000,1.758750000,0.000000000,1.758750000,0.000000000
1.811250000,0.000000000,1.811250000,0.000000000,1.811250000,0.000000000,1.811250000,0.000000000,1.811250000,0.000000000,1.811250000,0.000645501,1.811250000,0.000000000,1.811250000,0.000000000,1.811250000,0.000000000,1.811250000,0.000000000
1.863750000,0.000000000,1.863750000,0.000000000,1.863750000,0.000000000,1.863750000,0.000000000,1.863750000,0.000000000,1.863750000,0.000000000,1.863750000,0.000000000,1.863750000,0.000000000,1.863750000,0.000000000,1.863750000,0.000000000
1.916250000,0.000000000,1.916250000,0.000000000,1.916250000,0.000000000,1.916250000,0.000000000,1.916250000,0.000000000,1.916250000,0.002306815,1.916250000,0.000000000,1.916250000,0.000000000,1.916250000,0.000000000,1.916250000,0.000000000
1.968750000,0.000000000,1.968750000,0.000000000,1.968750000,0.000000000,1.968750000,0.000000000,1.968750000,0.000000000,1.968750000,0.003824507,1.968750000,0.000000000,1.968750000,0.000000000,1.968750000,0.000000000,1.968750000,0.000000000
2.021250000,0.000000000,2.021250000,0.000000000,2.021250000,0.000000000,2.021250000,0.000000000,2.021250000,0.000000000,2.021250000,0.016587074,2.021250000,0.000000000,2.021250000,0.000000000,2.021250000,0.000000000,2.021250000,0.000000000
2.073750000,0.000000000,2.073750000,0.000000000,2.073750000,0.000000000,2.073750000,0.000000000,2.073750000,0.000000000,2.073750000,0.122123707,2.073750000,0.000000000,2.073750000,0.000000000,2.073750000,0.000288668,2.073750000,0.000000000
2.126250000,0.000000000,2.126250000,0.000995388,2.126250000,0.000000000,2.126250000,0.000000000,2.126250000,0.000000000,2.126250000,0.557885834,2.126250000,0.000000000,2.126250000,0.000000000,2.126250000,0.001098359,2.126250000,0.000000000
2.178750000,0.000000000,2.178750000,0.001895996,2.178750000,0.000000000,2.178750000,0.000000000,2.178750000,0.000000000,2.178750000,1.846030884,2.178750000,0.000000000,2.178750000,0.000000000,2.178750000,0.008891568,2.178750000,0.000000000
2.231250000,0.000000000,2.231250000,0.002711740,2.231250000,0.000000000,2.231250000,0.000000000,2.231250000,0.000000000,2.231250000,3.780696651,2.231250000,0.000000000,2.231250000,0.000000000,2.231250000,0.025184892,2.231250000,0.000000000
2.283750000,0.000000000,2.283750000,0.022433670,2.283750000,0.000000000,2.283750000,0.000000000,2.283750000,0.000000000,2.283750000,5.811640141,2.283750000,0.000000000,2.283750000,0.000000000,2.283750000,0.103540019,2.283750000,0.000000000
2.336250000,0.000000000,2.336250000,0.097290027,2.336250000,0.000000000,2.336250000,0.000000000,2.336250000,0.000000000,2.336250000,7.122832816,2.336250000,0.000000000,2.336250000,0.000000000,2.336250000,0.285444744,2.336250000,0.000000000
2.388750000,0.000000000,2.388750000,0.343062776,2.388750000,0.000000000,2.388750000,0.000000000,2.388750000,0.000000000,2.388750000,7.345022784,2.388750000,0.000000000,2.388750000,0.000000000,2.388750000,0.609381767,2.388750000,0.000000000
2.441250000,0.000000000,2.441250000,0.983134544,2.441250000,0.000000000,2.441250000,0.000000000,2.441250000,0.000000000,2.441250000,6.571997286,2.441250000,0.000000000,2.441250000,0.000000000,2.441250000,1.092961950,2.441250000,0.000000000
2.493750000,0.000000000,2.493750000,2.095655605,2.493750000,0.000000000,2.493750000,0.000000000,2.493750000,0.000000000,2.493750000,5.317462210,2.493750000,0.000000000,2.493750000,0.000000000,2.493750000,1.668459731,2.493750000,0.000000000
2.546250000,0.000000000,2.546250000,3.437212546,2.546250000,0.000000000,2.546250000,0.000000000,2.546250000,0.000000000,2.546250000,4.220490692,2.546250000,0.000000000,2.546250000,0.000000000,2.546250000,2.190119698,2.546250000,0.001061524
2.598750000,0.000000000,2.598750000,4.557802988,2.598750000,0.000000000,2.598750000,0.000000000,2.598750000,0.000135816,2.598750000,3.178389496,2.598750000,0.000000000,2.598750000,0.000000000,2.598750000,2.654352806,2.598750000,0.002038138
2.651250000,0.000000000,2.651250000,5.340055725,2.651250000,0.000000000,2.651250000,0.000000000,2.651250000,0.000260980,2.651250000,2.343046106,2.651250000,0.000000000,2.651250000,0.000000000,2.651250000,2.960896539,2.651250000,0.005874665
2.703750000,0.000000000,2.703750000,5.545913590,2.703750000,0.000000000,2.703750000,0.000000000,2.703750000,0.001003776,2.703750000,1.730044917,2.703750000,0.002774027,2.703750000,0.000000000,2.703750000,3.086136600,2.703750000,0.005648745
2.756250000,0.000000000,2.756250000,5.373978436,2.756250000,0.000000000,2.756250000,0.000000000,2.756250000,0.003139183,2.756250000,1.285651451,2.756250000,0.000000000,2.756250000,0.002278160,2.756250000,3.111698034,2.756250000,0.011777157
2.808750000,0.000000000,2.808750000,4.782507685,2.808750000,0.000000000,2.808750000,0.001553937,2.808750000,0.007324792,2.808750000,0.967185411,2.808750000,0.002570506,2.808750000,0.005850117,2.808750000,2.979468419,2.808750000,0.008723859
2.861250000,0.000000000,2.861250000,4.157320688,2.861250000,0.000000000,2.861250000,0.000000000,2.861250000,0.024312494,2.861250000,0.781209358,2.861250000,0.012385217,2.861250000,0.010570143,2.861250000,2.799714216,2.861250000,0.020175992
2.913750000,0.000000000,2.913750000,3.401939707,2.913750000,0.000000000,2.913750000,0.000000000,2.913750000,0.050453828,2.913750000,0.625348772,2.913750000,0.009554348,2.913750000,0.022423892,2.913750000,2.572520291,2.913750000,0.029993893
2.966250000,0.000000000,2.966250000,2.732760405,2.966250000,0.000000000,2.966250000,0.001393303,2.966250000,0.099452362,2.966250000,0.492210374,2.966250000,0.039181358,2.966250000,0.038028967,2.966250000,2.326639220,2.966250000,0.037545841
3.018750000,0.000000000,3.018750000,2.206928861,3.018750000,0.004589720,3.018750000,0.008071575,3.018750000,0.177854507,3.018750000,0.427831578,3.018750000,0.053407642,3.018750000,0.046846792,3.018750000,2.151330437,3.018750000,0.077033986
3.071250000,0.000000000,3.071250000,1.733275928,3.071250000,0.006651227,3.071250000,0.007797989,3.071250000,0.310590069,3.071250000,0.372917710,3.071250000,0.075246193,3.071250000,0.091129447,3.071250000,1.947852333,3.071250000,0.091934194
3.123750000,0.000000000,3.123750000,1.344831833,3.123750000,0.021431800,3.123750000,0.021357895,3.123750000,0.467653179,3.123750000,0.324244133,3.123750000,0.170415265,3.123750000,0.135389848,3.123750000,1.753160533,3.123750000,0.114261441
3.176250000,0.000000000,3.176250000,1.089751424,3.176250000,0.035239609,3.176250000,0.030378971,3.176250000,0.678527986,3.176250000,0.304167937,3.176250000,0.170858695,3.176250000,0.219014521,3.176250000,1.610900839,3.176250000,0.150082785
3.228750000,0.000000000,3.228750000,0.889698394,3.228750000,0.038115059,3.228750000,0.047038545,3.228750000,0.880391131,3.228750000,0.273229865,3.228750000,0.247048782,3.228750000,0.305473859,3.228750000,1.460814890,3.228750000,0.179571718
3.281250000,0.000000000,3.281250000,0.769918830,3.281250000,0.069925567,3.281250000,0.075149885,3.281250000,1.158203499,3.281250000,0.264556641,3.281250000,0.342800057,3.281250000,0.427590812,3.281250000,1.318740802,3.281250000,0.264642674
3.333750000,0.008530294,3.333750000,0.664877049,3.333750000,0.105374226,3.333750000,0.123542187,3.333750000,1.430597055,3.333750000,0.260482032,3.333750000,0.447042131,3.333750000,0.535695557,3.333750000,1.231624116,3.333750000,0.283620675
3.386250000,0.016535689,3.386250000,0.531392170,3.386250000,0.211559562,3.386250000,0.152883845,3.386250000,1.637597266,3.386250000,0.251175030,3.386250000,0.537630937,3.386250000,0.726497021,3.386250000,1.108851185,3.386250000,0.382331551
3.438750000,0.048103938,3.438750000,0.478755990,3.438750000,0.274121728,3.438750000,0.256070533,3.438750000,1.837436415,3.438750000,0.259145206,3.438750000,0.721987796,3.438750000,0.904022328,3.438750000,1.044176804,3.438750000,0.450483366
3.491250000,0.054446126,3.491250000,0.431975387,3.491250000,0.389472843,3.491250000,0.354033922,3.491250000,2.038225946,3.491250000,0.264093551,3.491250000,0.773642420,3.491250000,1.087660416,3.491250000,0.956584262,3.491250000,0.511005929
3.543750000,0.166083930,3.543750000,0.389527990,3.543750000,0.516236851,3.543750000,0.487123121,3.543750000,2.171034496,3.543750000,0.267793908,3.543750000,0.910756777,3.543750000,1.286285328,3.543750000,0.883373350,3.543750000,0.629699538
3.596250000,0.197922573,3.596250000,0.355272426,3.596250000,0.632252710,3.596250000,0.626565230,3.596250000,2.229743097,3.596250000,0.267400991,3.596250000,0.981576775,3.596250000,1.508618818,3.596250000,0.838092114,3.596250000,0.694997361
3.648750000,0.291962568,3.648750000,0.337685958,3.648750000,0.766558879,3.648750000,0.778096200,3.648750000,2.240931164,3.648750000,0.265488014,3.648750000,1.108901764,3.648750000,1.708182591,3.648750000,0.798202870,3.648750000,0.804897068
3.701250000,0.442909381,3.701250000,0.332773355,3.701250000,0.885411740,3.701250000,0.960213690,3.701250000,2.229433645,3.701250000,0.285217742,3.701250000,1.139840296,3.701250000,1.771665670,3.701250000,0.752701936,3.701250000,0.922392995
3.753750000,0.544987167,3.753750000,0.311393876,3.753750000,1.018140589,3.753750000,1.092758425,3.753750000,2.195239962,3.753750000,0.305250542,3.753750000,1.185896659,3.753750000,2.002912877,3.753750000,0.712500055,3.753750000,0.981760894
3.806250000,0.719830438,3.806250000,0.303484336,3.806250000,1.138929660,3.806250000,1.306526084,3.806250000,2.132314449,3.806250000,0.342934195,3.806250000,1.184203284,3.806250000,2.030073237,3.806250000,0.687325157,3.806250000,1.063178091
3.858750000,0.744946192,3.858750000,0.302536177,3.858750000,1.352532495,3.858750000,1.407065687,3.858750000,2.032244227,3.858750000,0.342911078,3.858750000,1.223020554,3.858750000,2.154598191,3.858750000,0.644654606,3.858750000,1.144915576
3.911250000,0.966776204,3.911250000,0.295645730,3.911250000,1.350643326,3.911250000,1.597136076,3.911250000,1.919773951,3.911250000,0.363946212,3.911250000,1.333575816,3.911250000,2.197835835,3.911250000,0.636716141,3.911250000,1.272748858
3.963750000,1.158567646,3.963750000,0.305624934,3.963750000,1.405615263,3.963750000,1.797777371,3.963750000,1.825470467,3.963750000,0.387932549,3.963750000,1.286867114,3.963750000,2.265214282,3.963750000,0.634816486,3.963750000,1.314164820
4.016250000,1.204883970,4.016250000,0.329771437,4.016250000,1.524688293,4.016250000,1.935769209,4.016250000,1.738935153,4.016250000,0.422496065,4.016250000,1.288645933,4.016250000,2.220329489,4.016250000,0.609939611,4.016250000,1.393102161
4.068750000,1.374428750,4.068750000,0.331646192,4.068750000,1.485595891,4.068750000,1.942417343,4.068750000,1.611848354,4.068750000,0.451448184,4.068750000,1.324204502,4.068750000,2.227522548,4.068750000,0.610498985,4.068750000,1.397710131
4.121250000,1.389871279,4.121250000,0.356635432,4.121250000,1.508320732,4.121250000,2.158140371,4.121250000,1.510883285,4.121250000,0.467076771,4.121250000,1.245311270,4.121250000,2.149733788,4.121250000,0.602134100,4.121250000,1.502935980
4.173750000,1.692547343,4.173750000,0.361928487,4.173750000,1.594266388,4.173750000,2.135154372,4.173750000,1.417457455,4.173750000,0.505000946,4.173750000,1.256088553,4.173750000,2.110233712,4.173750000,0.597771300,4.173750000,1.505663075
4.226250000,1.815303230,4.226250000,0.384235169,4.226250000,1.605250846,4.226250000,2.184705893,4.226250000,1.326329952,4.226250000,0.539722584,4.226250000,1.164900447,4.226250000,2.105289303,4.226250000,0.598859532,4.226250000,1.526287444
4.278750000,1.910847903,4.278750000,0.365031550,4.278750000,1.539827333,4.278750000,2.187002107,4.278750000,1.250092790,4.278750000,0.543216690,4.278750000,1.177474187,4.278750000,2.037242072,4.278750000,0.619650935,4.278750000,1.538309753
4.331250000,1.713195416,4.331250000,0.421725898,4.331250000,1.632039481,4.331250000,2.108166150,4.331250000,1.176064111,4.331250000,0.588943056,4.331250000,1.202071691,4.331250000,1.988154305,4.331250000,0.607830611,4.331250000,1.577920298
4.383750000,1.983208300,4.383750000,0.435805640,4.383750000,1.545300699,4.383750000,2.178543587,4.383750000,1.122289404,4.383750000,0.631785251,4.383750000,1.207220716,4.383750000,1.925809356,4.383750000,0.613837627,4.383750000,1.507761983
4.436250000,1.676413608,4.436250000,0.451162728,4.436250000,1.554635705,4.436250000,2.162169886,4.436250000,1.031705201,4.436250000,0.668034520,4.436250000,1.173664677,4.436250000,1.837992892,4.436250000,0.639703782,4.436250000,1.488373632
4.488750000,1.769176185,4.488750000,0.487798060,4.488750000,1.537165670,4.488750000,2.040701883,4.488750000,1.002295828,4.488750000,0.703476069,4.488750000,1.110138409,4.488750000,1.809280691,4.488750000,0.631420326,4.488750000,1.477672427
4.541250000,1.815852063,4.541250000,0.501461491,4.541250000,1.540364568,4.541250000,1.983091154,4.541250000,0.944163022,4.541250000,0.736082729,4.541250000,1.121985874,4.541250000,1.757619171,4.541250000,0.635747429,4.541250000,1.458054735
4.593750000,1.824003303,4.593750000,0.552122992,4.593750000,1.474636219,4.593750000,1.910718584,4.593750000,0.911491363,4.593750000,0.770034260,4.593750000,0.997505542,4.593750000,1.691156721,4.593750000,0.652890740,4.593750000,1.434050573
4.646250000,1.690791233,4.646250000,0.577448453,4.646250000,1.461843483,4.646250000,1.842795852,4.646250000,0.876095393,4.646250000,0.795502999,4.646250000,0.955363373,4.646250000,1.630439304,4.646250000,0.667951107,4.646250000,1.441040237
4.698750000,1.623161119,4.698750000,0.633919944,4.698750000,1.435042762,4.698750000,1.831831041,4.698750000,0.848567583,4.698750000,0.844107514,4.698750000,0.890963560,4.698750000,1.559455545,4.698750000,0.693650005,4.698750000,1.398419641
4.751250000,1.709280161,4.751250000,0.662649772,4.751250000,1.378491690,4.751250000,1.732921596,4.751250000,0.822238965,4.751250000,0.883063968,4.751250000,0.821076108,4.751250000,1.502438335,4.751250000,0.710192083,4.751250000,1.354576605
4.803750000,1.729641133,4.803750000,0.671257220,4.803750000,1.398370371,4.803750000,1.690469547,4.803750000,0.814938205,4.803750000,0.924989105,4.803750000,0.807621361,4.803750000,1.462777799,4.803750000,0.723482135,4.803750000,1.330498983
4.856250000,1.660285505,4.856250000,0.723038670,4.856250000,1.325733699,4.856250000,1.700901981,4.856250000,0.800291522,4.856250000,0.956643037,4.856250000,0.767896274,4.856250000,1.399764360,4.856250000,0.760197076,4.856250000,1.266574876
4.908750000,1.632830692,4.908750000,0.783295587,4.908750000,1.281905267,4.908750000,1.539555144,4.908750000,0.797844318,4.908750000,0.980586149,4.908750000,0.781015065,4.908750000,1.346759161,4.908750000,0.773957330,4.908750000,1.287327454
4.961250000,1.467498703,4.961250000,0.793499532,4.961250000,1.213286418,4.961250000,1.491704652,4.961250000,0.780489239,4.961250000,1.033420757,4.961250000,0.687951152,4.961250000,1.267780551,4.961250000,0.802452126,4.961250000,1.256312218
5.013750000,1.470870086,5.013750000,0.834794000,5.013750000,1.149741295,5.013750000,1.529392759,5.013750000,0.787655703,5.013750000,1.054183990,5.013750000,0.720409687,5.013750000,1.241598922,5.013750000,0.808502038,5.013750000,1.231235165
5.066250000,1.543967622,5.066250000,0.903320687,5.066250000,1.103222091,5.066250000,1.415229346,5.066250000,0.771952013,5.066250000,1.085750547,5.066250000,0.642348670,5.066250000,1.175766224,5.066250000,0.847020375,5.066250000,1.207458654
5.118750000,1.320688043,5.118750000,0.899657222,5.118750000,0.976149232,5.118750000,1.415824986,5.118750000,0.780598717,5.118750000,1.121626426,5.118750000,0.620726271,5.118750000,1.172028577,5.118750000,0.868871499,5.118750000,1.144992561
5.171250000,1.379093876,5.171250000,0.951490000,5.171250000,0.932968650,5.171250000,1.382639096,5.171250000,0.779990350,5.171250000,1.169687873,5.171250000,0.613495140,5.171250000,1.063352852,5.171250000,0.908420383,5.171250000,1.146312046
5.223750000,1.309821012,5.223750000,0.978638597,5.223750000,0.899748390,5.223750000,1.291191427,5.223750000,0.786811861,5.223750000,1.186574324,5.223750000,0.637641049,5.223750000,1.007413720,5.223750000,0.925875429,5.223750000,1.080004787
5.276250000,1.174907858,5.276250000,1.001128877,5.276250000,0.842117523,5.276250000,1.254174497,5.276250000,0.785795301,5.276250000,1.234739251,5.276250000,0.572566106,5.276250000,1.007359967,5.276250000,0.951913356,5.276250000,1.092241917
5.328750000,1.208630064,5.328750000,1.061851587,5.328750000,0.751220399,5.328750000,1.165686733,5.328750000,0.787282381,5.328750000,1.259603971,5.328750000,0.582050689,5.328750000,0.938441355,5.328750000,0.990566027,5.328750000,1.045861166
5.381250000,1.158970833,5.381250000,1.091275147,5.381250000,0.726523395,5.381250000,1.126965348,5.381250000,0.795213987,5.381250000,1.286339650,5.381250000,0.609966208,5.381250000,0.905875579,5.381250000,1.019862522,5.381250000,1.036011385
5.433750000,0.947236355,5.433750000,1.110223649,5.433750000,0.656596335,5.433750000,1.065018075,5.433750000,0.784737178,5.433750000,1.306934472,5.433750000,0.599610131,5.433750000,0.870088423,5.433750000,1.065464917,5.433750000,1.009095669
5.486250000,0.853598839,5.486250000,1.136772897,5.486250000,0.627414648,5.486250000,1.030069721,5.486250000,0.774209087,5.486250000,1.339385164,5.486250000,0.682515230,5.486250000,0.811347956,5.486250000,1.092232533,5.486250000,0.972039794
5.538750000,0.961108987,5.538750000,1.195567368,5.538750000,0.601261246,5.538750000,0.969873945,5.538750000,0.773445366,5.538750000,1.354775011,5.538750000,0.627331129,5.538750000,0.789081900,5.538750000,1.108450590,5.538750000,0.933957415
5.591250000,0.876427218,5.591250000,1.233825392,5.591250000,0.603402256,5.591250000,0.935667878,5.591250000,0.772544336,5.591250000,1.372469549,5.591250000,0.657121740,5.591250000,0.756432683,5.591250000,1.151310304,5.591250000,0.924426322
5.643750000,0.753044916,5.643750000,1.273002762,5.643750000,0.561369551,5.643750000,0.907179462,5.643750000,0.779346945,5.643750000,1.375511198,5.643750000,0.667236843,5.643750000,0.729384185,5.643750000,1.177891784,5.643750000,0.897584339
5.696250000,0.680790976,5.696250000,1.288480287,5.696250000,0.609076798,5.696250000,0.813080234,5.696250000,0.765754135,5.696250000,1.388389935,5.696250000,0.671869165,5.696250000,0.712267564,5.696250000,1.216502205,5.696250000,0.908477882
5.748750000,0.691363115,5.748750000,1.336000541,5.748750000,0.589776487,5.748750000,0.833538190,5.748750000,0.767041546,5.748750000,1.400570931,5.748750000,0.667630910,5.748750000,0.688319849,5.748750000,1.242280191,5.748750000,0.877174384
5.801250000,0.653553109,5.801250000,1.357260272,5.801250000,0.587228448,5.801250000,0.782456935,5.801250000,0.772245400,5.801250000,1.343117399,5.801250000,0.722487703,5.801250000,0.666318381,5.801250000,1.264938037,5.801250000,0.848895142
5.853750000,0.564414213,5.853750000,1.390941732,5.853750000,0.572470340,5.853750000,0.737716848,5.853750000,0.780271914,5.853750000,1.347748821,5.853750000,0.740360876,5.853750000,0.680179428,5.853750000,1.285862257,5.853750000,0.833937558
5.906250000,0.568013688,5.906250000,1.428892832,5.906250000,0.588117228,5.906250000,0.708142783,5.906250000,0.781055675,5.906250000,1.323895488,5.906250000,0.772602080,5.906250000,0.672441089,5.906250000,1.287660242,5.906250000,0.827859067
5.958750000,0.520667535,5.958750000,1.410669404,5.958750000,0.574265706,5.958750000,0.694338465,5.958750000,0.791972464,5.958750000,1.310570857,5.958750000,0.833867639,5.958750000,0.662918904,5.958750000,1.304544741,5.958750000,0.808877373
6.011250000,0.611311558,6.011250000,1.417645413,6.011250000,0.626204703,6.011250000,0.675138741,6.011250000,0.810157922,6.011250000,1.272775423,6.011250000,0.805896932,6.011250000,0.644205723,6.011250000,1.315904402,6.011250000,0.773478222
6.063750000,0.569830922,6.063750000,1.391735141,6.063750000,0.586401108,6.063750000,0.670167038,6.063750000,0.835306022,6.063750000,1.237641880,6.063750000,0.846604349,6.063750000,0.660713732,6.063750000,1.310267627,6.063750000,0.794771240
6.116250000,0.600639997,6.116250000,1.389719905,6.116250000,0.620542112,6.116250000,0.649207675,6.116250000,0.854154155,6.116250000,1.199275975,6.116250000,0.903690838,6.116250000,0.656051211,6.116250000,1.318202947,6.116250000,0.775298330
6.168750000,0.535649280,6.168750000,1.378583439,6.168750000,0.593537549,6.168750000,0.605988145,6.168750000,0.866288590,6.168750000,1.179116713,6.168750000,0.925678678,6.168750000,0.666611627,6.168750000,1.289270999,6.168750000,0.763604904
6.221250000,0.504601297,6.221250000,1.361228256,6.221250000,0.661911016,6.221250000,0.626528305,6.221250000,0.885477280,6.221250000,1.139054613,6.221250000,0.956754011,6.221250000,0.671357550,6.221250000,1.282935320,6.221250000,0.762330051
6.273750000,0.522687133,6.273750000,1.327336635,6.273750000,0.701887117,6.273750000,0.613283186,6.273750000,0.914834766,6.273750000,1.093706077,6.273750000,0.991816172,6.273750000,0.686405233,6.273750000,1.260418081,6.273750000,0.758542707
6.326250000,0.556687790,6.326250000,1.328561781,6.326250000,0.710142768,6.326250000,0.642049303,6.326250000,0.935971961,6.326250000,1.069437504,6.326250000,1.022040506,6.326250000,0.683276570,6.326250000,1.245851217,6.326250000,0.732763423
6.378750000,0.589502883,6.378750000,1.280901308,6.378750000,0.729340258,6.378750000,0.621581253,6.378750000,0.950814155,6.378750000,1.041860720,6.378750000,1.080545520,6.378750000,0.713761267,6.378750000,1.239676694,6.378750000,0.740034360
6.431250000,0.570749025,6.431250000,1.235484111,6.431250000,0.786246278,6.431250000,0.610288863,6.431250000,0.986848812,6.431250000,1.006743387,6.431250000,1.120831772,6.431250000,0.710524610,6.431250000,1.197098402,6.431250000,0.731495956
6.483750000,0.626944256,6.483750000,1.203674788,6.483750000,0.788489250,6.483750000,0.639522798,6.483750000,1.013239658,6.483750000,0.980077976,6.483750000,1.091659158,6.483750000,0.737215553,6.483750000,1.184317169,6.483750000,0.777817262
6.536250000,0.643542718,6.536250000,1.180097562,6.536250000,0.796922633,6.536250000,0.666020796,6.536250000,1.042866820,6.536250000,0.963207370,6.536250000,1.147767849,6.536250000,0.743245281,6.536250000,1.159440535,6.536250000,0.771977435
6.588750000,0.677005761,6.588750000,1.133687524,6.588750000,0.871950084,6.588750000,0.667592440,6.588750000,1.066121339,6.588750000,0.949430987,6.588750000,1.183271044,6.588750000,0.752578116,6.588750000,1.140407964,6.588750000,0.763370507
6.641250000,0.775968889,6.641250000,1.104610902,6.641250000,0.894728736,6.641250000,0.668475439,6.641250000,1.081296700,6.641250000,0.935247879,6.641250000,1.195442886,6.641250000,0.794224397,6.641250000,1.121632892,6.641250000,0.791920469
6.693750000,0.770192363,6.693750000,1.058425303,6.693750000,0.880282141,6.693750000,0.709742910,6.693750000,1.110422003,6.693750000,0.906880707,6.693750000,1.230624079,6.693750000,0.807823889,6.693750000,1.086291951,6.693750000,0.816719452
6.746250000,0.791581379,6.746250000,1.048443253,6.746250000,0.904314398,6.746250000,0.714093315,6.746250000,1.131701112,6.746250000,0.903569853,6.746250000,1.249419727,6.746250000,0.799609621,6.746250000,1.060421628,6.746250000,0.799823121
6.798750000,0.742484335,6.798750000,0.997069167,6.798750000,0.983152368,6.798750000,0.697803013,6.798750000,1.153185274,6.798750000,0.887607302,6.798750000,1.240727782,6.798750000,0.828745451,6.798750000,1.035916059,6.798750000,0.831294233
6.851250000,0.783662377,6.851250000,0.985873748,6.851250000,0.985964013,6.851250000,0.761062084,6.851250000,1.165731849,6.851250000,0.885245387,6.851250000,1.273629552,6.851250000,0.875210684,6.851250000,1.018593318,6.851250000,0.853059656
6.903750000,0.918985792,6.903750000,0.939871873,6.903750000,1.001301438,6.903750000,0.756218711,6.903750000,1.182826331,6.903750000,0.864856752,6.903750000,1.365809818,6.903750000,0.907220409,6.903750000,0.991360948,6.903750000,0.885188393
6.956250000,0.907125954,6.956250000,0.927877768,6.956250000,1.070088312,6.956250000,0.776515891,6.956250000,1.176015190,6.956250000,0.865375173,6.956250000,1.344014452,6.956250000,0.926603096,6.956250000,0.981225496,6.956250000,0.880838111
7.008750000,0.964996776,7.008750000,0.897996722,7.008750000,1.164807958,7.008750000,0.811845127,7.008750000,1.193269229,7.008750000,0.849743293,7.008750000,1.362761196,7.008750000,0.934148235,7.008750000,0.958670251,7.008750000,0.902998844
7.061250000,0.996334428,7.061250000,0.897058440,7.061250000,1.147551862,7.061250000,0.826126199,7.061250000,1.196875908,7.061250000,0.846201613,7.061250000,1.348673267,7.061250000,0.947499687,7.061250000,0.953381589,7.061250000,0.935172150
7.113750000,1.013531203,7.113750000,0.878619824,7.113750000,1.151339352,7.113750000,0.853465104,7.113750000,1.198415834,7.113750000,0.862675359,7.113750000,1.367310842,7.113750000,0.974150995,7.113750000,0.929401463,7.113750000,0.959364687
7.166250000,1.144576604,7.166250000,0.856329348,7.166250000,1.169553219,7.166250000,0.846973950,7.166250000,1.195388500,7.166250000,0.850865307,7.166250000,1.381705524,7.166250000,1.017334897,7.166250000,0.905559831,7.166250000,0.968544645
7.218750000,1.117072809,7.218750000,0.857304940,7.218750000,1.194341202,7.218750000,0.912805193,7.218750000,1.193519091,7.218750000,0.853124060,7.218750000,1.358957019,7.218750000,1.026725987,7.218750000,0.903061379,7.218750000,1.014602264
7.271250000,1.090241139,7.271250000,0.830244358,7.271250000,1.220667232,7.271250000,0.924018315,7.271250000,1.182019563,7.271250000,0.857031607,7.271250000,1.405760519,7.271250000,1.060510376,7.271250000,0.892862146,7.271250000,1.000394448
7.323750000,1.207232306,7.323750000,0.836003429,7.323750000,1.282768897,7.323750000,0.971844247,7.323750000,1.171461275,7.323750000,0.857146837,7.323750000,1.348626319,7.323750000,1.073110565,7.323750000,0.876820532,7.323750000,1.029987188
7.376250000,1.238897963,7.376250000,0.831920382,7.376250000,1.276873708,7.376250000,0.990730814,7.376250000,1.159245168,7.376250000,0.856977350,7.376250000,1.355960409,7.376250000,1.093940552,7.376250000,0.878028250,7.376250000,1.057374124
7.428750000,1.303909677,7.428750000,0.827298009,7.428750000,1.277079730,7.428750000,1.025649268,7.428750000,1.151477920,7.428750000,0.859144658,7.428750000,1.351561569,7.428750000,1.094736805,7.428750000,0.867214073,7.428750000,1.071415356
7.481250000,1.321245471,7.481250000,0.817818176,7.481250000,1.295089689,7.481250000,1.037589482,7.481250000,1.131309210,7.481250000,0.859275012,7.481250000,1.344978225,7.481250000,1.101587684,7.481250000,0.850804432,7.481250000,1.083238117
7.533750000,1.249443028,7.533750000,0.823745019,7.533750000,1.287788133,7.533750000,1.062274244,7.533750000,1.131790202,7.533750000,0.868907741,7.533750000,1.351309287,7.533750000,1.116273598,7.533750000,0.853446038,7.533750000,1.118274426
7.586250000,1.321165915,7.586250000,0.822470546,7.586250000,1.337615179,7.586250000,1.098107681,7.586250000,1.111987822,7.586250000,0.868845661,7.586250000,1.346765715,7.586250000,1.114309630,7.586250000,0.850605134,7.586250000,1.134302116
7.638750000,1.348561684,7.638750000,0.833184717,7.638750000,1.270548775,7.638750000,1.125925741,7.638750000,1.095544927,7.638750000,0.881551364,7.638750000,1.277228038,7.638750000,1.132760222,7.638750000,0.853463389,7.638750000,1.142236199
7.691250000,1.360664877,7.691250000,0.813100306,7.691250000,1.315483886,7.691250000,1.129258997,7.691250000,1.079879994,7.691250000,0.881765615,7.691250000,1.262936406,7.691250000,1.144070724,7.691250000,0.849763727,7.691250000,1.172652528
7.743750000,1.298009506,7.743750000,0.839261374,7.743750000,1.271550926,7.743750000,1.157136024,7.743750000,1.069019567,7.743750000,0.896055029,7.743750000,1.298288483,7.743750000,1.152085183,7.743750000,0.849605088,7.743750000,1.171497174
7.796250000,1.388212268,7.796250000,0.825701032,7.796250000,1.295083781,7.796250000,1.177506273,7.796250000,1.062774439,7.796250000,0.915664750,7.796250000,1.236820953,7.796250000,1.139089007,7.796250000,0.847290291,7.796250000,1.188610284
7.848750000,1.394326922,7.848750000,0.857062838,7.848750000,1.264236911,7.848750000,1.160413370,7.848750000,1.037228463,7.848750000,0.919166853,7.848750000,1.211112760,7.848750000,1.134109300,7.848750000,0.852377377,7.848750000,1.201475342
7.901250000,1.359154595,7.901250000,0.858614547,7.901250000,1.309799915,7.901250000,1.140920075,7.901250000,1.034921427,7.901250000,0.926464297,7.901250000,1.181428654,7.901250000,1.139048821,7.901250000,0.863320048,7.901250000,1.211028317
7.953750000,1.356257512,7.953750000,0.850020371,7.953750000,1.259177424,7.953750000,1.166409875,7.953750000,1.022928164,7.953750000,0.937875021,7.953750000,1.150176231,7.953750000,1.140567732,7.953750000,0.858946918,7.953750000,1.224141766
8.006250000,1.345924097,8.006250000,0.866921936,8.006250000,1.238476466,8.006250000,1.191326423,8.006250000,1.006551686,8.006250000,0.948180902,8.006250000,1.197150306,8.006250000,1.124938545,8.006250000,0.870204776,8.006250000,1.230795454
8.058750000,1.319685834,8.058750000,0.877352925,8.058750000,1.279712363,8.058750000,1.192466723,8.058750000,0.997081383,8.058750000,0.965639735,8.058750000,1.157246607,8.058750000,1.120545006,8.058750000,0.882282514,8.058750000,1.236748508
8.111250000,1.417937325,8.111250000,0.880670338,8.111250000,1.207255729,8.111250000,1.212111312,8.111250000,0.993543009,8.111250000,0.974135066,8.111250000,1.087757212,8.111250000,1.111786231,8.111250000,0.883635229,8.111250000,1.224242793
8.163750000,1.305872625,8.163750000,0.895039215,8.163750000,1.211547139,8.163750000,1.215886015,8.163750000,0.979002503,8.163750000,0.978869085,8.163750000,1.093894422,8.163750000,1.108180012,8.163750000,0.894622461,8.163750000,1.225896644
8.216250000,1.367883829,8.216250000,0.903370281,8.216250000,1.184961053,8.216250000,1.189137832,8.216250000,0.971613089,8.216250000,1.000751396,8.216250000,1.063136914,8.216250000,1.086371831,8.216250000,0.906066781,8.216250000,1.213033061
8.268750000,1.332543001,8.268750000,0.916815566,8.268750000,1.143044981,8.268750000,1.179464791,8.268750000,0.965794124,8.268750000,1.009487148,8.268750000,1.032180061,8.268750000,1.083167796,8.268750000,0.902496211,8.268750000,1.191538027
8.321250000,1.347272808,8.321250000,0.945968884,8.321250000,1.151621144,8.321250000,1.188176483,8.321250000,0.956997402,8.321250000,1.024499197,8.321250000,1.008360548,8.321250000,1.078541485,8.321250000,0.916101409,8.321250000,1.199411404
8.373750000,1.352065162,8.373750000,0.942166966,8.373750000,1.116050340,8.373750000,1.178744388,8.373750000,0.959019042,8.373750000,1.020904888,8.373750000,1.000383595,8.373750000,1.079951808,8.373750000,0.927719795,8.373750000,1.202773673
8.426250000,1.343281156,8.426250000,0.957464360,8.426250000,1.071259339,8.426250000,1.172907662,8.426250000,0.947390130,8.426250000,1.043866648,8.426250000,0.989955964,8.426250000,1.045410462,8.426250000,0.941671091,8.426250000,1.179690099
8.478750000,1.267352327,8.478750000,0.978634455,8.478750000,1.084506754,8.478750000,1.162690819,8.478750000,0.945735713,8.478750000,1.045709113,8.478750000,0.941908627,8.478750000,1.045585174,8.478750000,0.948057361,8.478750000,1.169913088
8.531250000,1.260920414,8.531250000,0.986413209,8.531250000,1.048500303,8.531250000,1.145729812,8.531250000,0.946066587,8.531250000,1.064565805,8.531250000,0.950691734,8.531250000,1.030695155,8.531250000,0.967366719,8.531250000,1.161894221
8.583750000,1.242970091,8.583750000,1.014939996,8.583750000,1.026631154,8.583750000,1.135251777,8.583750000,0.934965052,8.583750000,1.067219531,8.583750000,0.954511176,8.583750000,1.028148170,8.583750000,0.967937037,8.583750000,1.148098595
8.636250000,1.239344072,8.636250000,1.006197791,8.636250000,0.975773232,8.636250000,1.127737350,8.636250000,0.930494682,8.636250000,1.077027602,8.636250000,0.952186010,8.636250000,1.020868387,8.636250000,0.984417865,8.636250000,1.131506373
8.688750000,1.238226280,8.688750000,1.032106969,8.688750000,0.996705007,8.688750000,1.087843315,8.688750000,0.932758431,8.688750000,1.089943790,8.688750000,0.904450067,8.688750000,0.994660784,8.688750000,0.994083336,8.688750000,1.124984858
8.741250000,1.227119706,8.741250000,1.035707704,8.741250000,0.977652392,8.741250000,1.075457185,8.741250000,0.931227444,8.741250000,1.092993922,8.741250000,0.920424360,8.741250000,0.989242092,8.741250000,1.004177420,8.741250000,1.111872443
8.793750000,1.206381325,8.793750000,1.067141446,8.793750000,0.963038965,8.793750000,1.045849657,8.793750000,0.931860816,8.793750000,1.084610544,8.793750000,0.883504762,8.793750000,0.971870218,8.793750000,1.016593178,8.793750000,1.093295926
8.846250000,1.132741849,8.846250000,1.081656181,8.846250000,0.944693944,8.846250000,1.038642598,8.846250000,0.930538201,8.846250000,1.096022882,8.846250000,0.893003137,8.846250000,0.973565064,8.846250000,1.032467589,8.846250000,1.072178467
8.898750000,1.158924416,8.898750000,1.070635887,8.898750000,0.928034007,8.898750000,1.024256005,8.898750000,0.932332508,8.898750000,1.104470291,8.898750000,0.879424221,8.898750000,0.951620497,8.898750000,1.035151938,8.898750000,1.058347957
8.951250000,1.109872899,8.951250000,1.077996788,8.951250000,0.913786836,8.951250000,1.028188989,8.951250000,0.933322503,8.951250000,1.098556906,8.951250000,0.887108636,8.951250000,0.945026689,8.951250000,1.048284941,8.951250000,1.056449215
9.003750000,1.132051796,9.003750000,1.086057427,9.003750000,0.911674619,9.003750000,1.000052340,9.003750000,0.932936195,9.003750000,1.099602619,9.003750000,0.885298809,9.003750000,0.946634302,9.003750000,1.054640909,9.003750000,1.055371645
9.056250000,1.020708446,9.056250000,1.094243340,9.056250000,0.923319288,9.056250000,0.994918681,9.056250000,0.930080353,9.056250000,1.098613683,9.056250000,0.925258673,9.056250000,0.944413097,9.056250000,1.066486077,9.056250000,1.032345674
9.108750000,1.018117643,9.108750000,1.086927307,9.108750000,0.904892704,9.108750000,0.994860393,9.108750000,0.936923771,9.108750000,1.092546001,9.108750000,0.933199635,9.108750000,0.935018099,9.108750000,1.065853944,9.108750000,1.016166241
9.161250000,1.038111209,9.161250000,1.108393706,9.161250000,0.881095541,9.161250000,0.992108826,9.161250000,0.943560610,9.161250000,1.096310127,9.161250000,0.887498594,9.161250000,0.925569596,9.161250000,1.081363365,9.161250000,0.994712520
9.213750000,0.998395287,9.213750000,1.114352446,9.213750000,0.904093706,9.213750000,0.986755808,9.213750000,0.945145193,9.213750000,1.101190035,9.213750000,0.904884919,9.213750000,0.913488843,9.213750000,1.075846112,9.213750000,0.975382917
9.266250000,0.969447633,9.266250000,1.118899882,9.266250000,0.876341495,9.266250000,0.954617690,9.266250000,0.951825222,9.266250000,1.079226785,9.266250000,0.905997113,9.266250000,0.928430460,9.266250000,1.083064304,9.266250000,0.967006920
9.318750000,0.965105569,9.318750000,1.111044045,9.318750000,0.892745194,9.318750000,0.914103973,9.318750000,0.948630224,9.318750000,1.081489413,9.318750000,0.902823350,9.318750000,0.912816838,9.318750000,1.088650975,9.318750000,0.983405779
9.371250000,1.007220339,9.371250000,1.123278867,9.371250000,0.883246764,9.371250000,0.917850328,9.371250000,0.954993363,9.371250000,1.074445903,9.371250000,0.896892601,9.371250000,0.925084781,9.371250000,1.081449283,9.371250000,0.957997993
9.423750000,0.961867347,9.423750000,1.099446898,9.423750000,0.871078111,9.423750000,0.917039221,9.423750000,0.954132711,9.423750000,1.070067271,9.423750000,0.879163192,9.423750000,0.923965923,9.423750000,1.087662361,9.423750000,0.960683592
9.476250000,0.952294847,9.476250000,1.104688397,9.476250000,0.883344517,9.476250000,0.912913201,9.476250000,0.961935256,9.476250000,1.055507746,9.476250000,0.936068882,9.476250000,0.909130820,9.476250000,1.085943644,9.476250000,0.951371346
9.528750000,0.900063869,9.528750000,1.102709798,9.528750000,0.887226938,9.528750000,0.916248307,9.528750000,0.968003147,9.528750000,1.049879935,9.528750000,0.922208927,9.528750000,0.923857146,9.528750000,1.080669046,9.528750000,0.930077290
9.581250000,0.888161712,9.581250000,1.096688246,9.581250000,0.875024637,9.581250000,0.900892974,9.581250000,0.971672435,9.581250000,1.038198327,9.581250000,0.939301959,9.581250000,0.920924732,9.581250000,1.081354307,9.581250000,0.904543249
9.633750000,0.907110458,9.633750000,1.095969009,9.633750000,0.898637910,9.633750000,0.886609587,9.633750000,0.980996072,9.633750000,1.039486823,9.633750000,0.921663014,9.633750000,0.899974353,9.633750000,1.091698597,9.633750000,0.935423873
9.686250000,0.917513503,9.686250000,1.095488683,9.686250000,0.908092354,9.686250000,0.880552672,9.686250000,0.990344546,9.686250000,1.025472870,9.686250000,0.938933445,9.686250000,0.926831249,9.686250000,1.078163184,9.686250000,0.910640102
9.738750000,0.925640881,9.738750000,1.082285850,9.738750000,0.892815447,9.738750000,0.885303077,9.738750000,0.997432997,9.738750000,1.017170572,9.738750000,0.957061828,9.738750000,0.926841265,9.738750000,1.074738080,9.738750000,0.911878572
9.791250000,0.857394720,9.791250000,1.062401895,9.791250000,0.912498061,9.791250000,0.904223545,9.791250000,0.990994375,9.791250000,1.003088714,9.791250000,0.980459869,9.791250000,0.927399550,9.791250000,1.068410574,9.791250000,0.900259387
9.843750000,0.843381581,9.843750000,1.041486136,9.843750000,0.902790726,9.843750000,0.866517384,9.843750000,0.999261135,9.843750000,0.987937267,9.843750000,0.931102792,9.843750000,0.929262595,9.843750000,1.051971105,9.843750000,0.889829923
9.896250000,0.781214377,9.896250000,1.020631574,9.896250000,0.873164723,9.896250000,0.874121901,9.896250000,0.983236067,9.896250000,0.957869767,9.896250000,0.938643740,9.896250000,0.920960817,9.896250000,1.030888336,9.896250000,0.879078583
9.948750000,0.789274724,9.948750000,0.992383031,9.948750000,0.901794895,9.948750000,0.851419864,9.948750000,0.973535025,9.948750000,0.940533549,9.948750000,0.943925182,9.948750000,0.905029821,9.948750000,0.995728884,9.948750000,0.850146536
10.001250000,0.855888543,10.001250000,0.964759810,10.001250000,0.880016402,10.001250000,0.836253794,10.001250000,0.967861997,10.001250000,0.914572752,10.001250000,0.924715019,10.001250000,0.888112804,10.001250000,0.976924710,10.001250000,0.855143742
10.053750000,0.785068107,10.053750000,0.935476311,10.053750000,0.907471265,10.053750000,0.824389428,10.053750000,0.951318945,10.053750000,0.897126153,10.053750000,0.913678235,10.053750000,0.903461622,10.053750000,0.954220604,10.053750000,0.842286793
10.106250000,0.783430404,10.106250000,0.912519743,10.106250000,0.876977454,10.106250000,0.820887885,10.106250000,0.946490025,10.106250000,0.880717501,10.106250000,0.906195681,10.106250000,0.885457220,10.106250000,0.930366327,10.106250000,0.832480343
10.158750000,0.718396599,10.158750000,0.888547485,10.158750000,0.880095342,10.158750000,0.819671571,10.158750000,0.928653142,10.158750000,0.858094027,10.158750000,0.905303300,10.158750000,0.875937559,10.158750000,0.910020482,10.158750000,0.810426606
10.211250000,0.759218404,10.211250000,0.866270366,10.211250000,0.880696088,10.211250000,0.803857557,10.211250000,0.918389630,10.211250000,0.844540429,10.211250000,0.896407201,10.211250000,0.861642057,10.211250000,0.892638369,10.211250000,0.816504093
10.263750000,0.739771792,10.263750000,0.854397837,10.263750000,0.869525732,10.263750000,0.808805361,10.263750000,0.904586404,10.263750000,0.819618824,10.263750000,0.885335208,10.263750000,0.857559627,10.263750000,0.863189331,10.263750000,0.808825824
10.316250000,0.729588996,10.316250000,0.824707585,10.316250000,0.866593328,10.316250000,0.803819626,10.316250000,0.890326367,10.316250000,0.811178496,10.316250000,0.879205386,10.316250000,0.860454168,10.316250000,0.846365440,10.316250000,0.791819347
10.368750000,0.756610876,10.368750000,0.805159048,10.368750000,0.843445342,10.368750000,0.790568962,10.368750000,0.878440973,10.368750000,0.789333865,10.368750000,0.872022242,10.368750000,0.849026070,10.368750000,0.821442257,10.368750000,0.782796972
10.421250000,0.773449924,10.421250000,0.778212607,10.421250000,0.849218501,10.421250000,0.772238299,10.421250000,0.866723951,10.421250000,0.769115670,10.421250000,0.870354058,10.421250000,0.833374895,10.421250000,0.809517186,10.421250000,0.764473124
10.473750000,0.742381045,10.473750000,0.769897235,10.473750000,0.831194342,10.473750000,0.777479562,10.473750000,0.852295656,10.473750000,0.758509461,10.473750000,0.850189030,10.473750000,0.810631393,10.473750000,0.788430208,10.473750000,0.768811731
