Cl-Cl,,Li-Cl,,Li-Li,,Li-Mg,,Mg-Cl,,Mg-Mg,
R (A),RDF,R (A),RDF,R (A),RDF,R (A),RDF,R (A),RDF,R (A),RDF
0.02625,0.0,0.02625,0.0,0.02625,0.0,0.02625,0.0,0.02625,0.0,0.02625,0.0
0.07875,0.0,0.07875,0.0,0.07875,0.0,0.07875,0.0,0.07875,0.0,0.07875,0.0
0.13125,0.0,0.13125,0.0,0.13125,0.0,0.13125,0.0,0.13125,0.0,0.13125,0.0
0.18375,0.0,0.18375,0.0,0.18375,0.0,0.18375,0.0,0.18375,0.0,0.18375,0.0
0.23625000000000002,0.0,0.23625000000000002,0.0,0.23625000000000002,0.0,0.23625000000000002,0.0,0.23625000000000002,0.0,0.23625000000000002,0.0
0.28875,0.0,0.28875,0.0,0.28875,0.0,0.28875,0.0,0.28875,0.0,0.28875,0.0
0.34125,0.0,0.34125,0.0,0.34125,0.0,0.34125,0.0,0.34125,0.0,0.34125,0.0
0.39375,0.0,0.39375,0.0,0.39375,0.0,0.39375,0.0,0.39375,0.0,0.39375,0.0
0.44625,0.0,0.44625,0.0,0.44625,0.0,0.44625,0.0,0.44625,0.0,0.44625,0.0
0.49875,0.0,0.49875,0.0,0.49875,0.0,0.49875,0.0,0.49875,0.0,0.49875,0.0
0.55125,0.0,0.55125,0.0,0.55125,0.0,0.55125,0.0,0.55125,0.0,0.55125,0.0
0.60375,0.0,0.60375,0.0,0.60375,0.0,0.60375,0.0,0.60375,0.0,0.60375,0.0
0.65625,0.0,0.65625,0.0,0.65625,0.0,0.65625,0.0,0.65625,0.0,0.65625,0.0
0.70875,0.0,0.70875,0.0,0.70875,0.0,0.70875,0.0,0.70875,0.0,0.70875,0.0
0.76125,0.0,0.76125,0.0,0.76125,0.0,0.76125,0.0,0.76125,0.0,0.76125,0.0
0.81375,0.0,0.81375,0.0,0.81375,0.0,0.81375,0.0,0.81375,0.0,0.81375,0.0
0.86625,0.0,0.86625,0.0,0.86625,0.0,0.86625,0.0,0.86625,0.0,0.86625,0.0
0.91875,0.0,0.91875,0.0,0.91875,0.0,0.91875,0.0,0.91875,0.0,0.91875,0.0
0.97125,0.0,0.97125,0.0,0.97125,0.0,0.97125,0.0,0.97125,0.0,0.97125,0.0
1.02375,0.0,1.02375,0.0,1.02375,0.0,1.02375,0.0,1.02375,0.0,1.02375,0.0
1.07625,0.0,1.07625,0.0,1.07625,0.0,1.07625,0.0,1.07625,0.0,1.07625,0.0
1.1287500000000001,0.0,1.1287500000000001,0.0,1.1287500000000001,0.0,1.1287500000000001,0.0,1.1287500000000001,0.0,1.1287500000000001,0.0
1.18125,0.0,1.18125,0.0,1.18125,0.0,1.18125,0.0,1.18125,0.0,1.18125,0.0
1.2337500000000001,0.0,1.2337500000000001,0.0,1.2337500000000001,0.0,1.2337500000000001,0.0,1.2337500000000001,0.0,1.2337500000000001,0.0
1.28625,0.0,1.28625,0.0,1.28625,0.0,1.28625,0.0,1.28625,0.0,1.28625,0.0
1.33875,0.0,1.33875,0.0,1.33875,0.0,1.33875,0.0,1.33875,0.0,1.33875,0.0
1.3912499999999999,0.0,1.3912499999999999,0.0,1.3912499999999999,0.0,1.3912499999999999,0.0,1.3912499999999999,0.0,1.3912499999999999,0.0
1.44375,0.0,1.44375,0.0,1.44375,0.0,1.44375,0.0,1.44375,0.0,1.44375,0.0
1.4962499999999999,0.0,1.4962499999999999,0.0,1.4962499999999999,0.0,1.4962499999999999,0.0,1.4962499999999999,0.0,1.4962499999999999,0.0
1.54875,0.0,1.54875,0.0004278500082299823,1.54875,0.0,1.54875,0.0,1.54875,0.0,1.54875,0.0
1.6012499999999998,0.0,1.6012499999999998,0.0012007700159317276,1.6012499999999998,0.0,1.6012499999999998,0.0,1.6012499999999998,0.0,1.6012499999999998,0.0
1.65375,0.0,1.65375,0.001125747099249395,1.65375,0.0,1.65375,0.0,1.65375,0.0,1.65375,0.0
1.7062499999999998,0.0,1.7062499999999998,0.0007050276879068995,1.7062499999999998,0.001663424701155341,1.7062499999999998,0.0,1.7062499999999998,0.0021314790564627194,1.7062499999999998,0.0
1.75875,0.0,1.75875,0.001327135576463895,1.75875,0.0015656052503597512,1.75875,0.0,1.75875,0.0015046013802933694,1.75875,0.0
1.8112499999999998,0.0,1.8112499999999998,0.0037539614835793325,1.8112499999999998,0.0,1.8112499999999998,0.0,1.8112499999999998,0.0009457654900490567,1.8112499999999998,0.0
1.86375,0.0,1.86375,0.010045479140599963,1.86375,0.0,1.86375,0.0,1.86375,0.0013398552889309118,1.86375,0.0
1.9162499999999998,0.0,1.9162499999999998,0.04136432899181775,1.9162499999999998,0.0,1.9162499999999998,0.0,1.9162499999999998,0.0012674487984607893,1.9162499999999998,0.0
1.96875,0.0,1.96875,0.1586045760895002,1.96875,0.0,1.96875,0.0,1.96875,0.004002522594175375,1.96875,0.0
2.0212499999999998,0.00021771250774829914,2.0212499999999998,0.4730222908731315,2.0212499999999998,0.0,2.0212499999999998,0.0,2.0212499999999998,0.026581178271594664,2.0212499999999998,0.0
2.07375,0.0,2.07375,1.0070991428501124,2.07375,0.0,2.07375,0.0,2.07375,0.11940779267287652,2.07375,0.0
2.1262499999999998,0.0,2.1262499999999998,1.7920171990510305,2.1262499999999998,0.0,2.1262499999999998,0.0,2.1262499999999998,0.5246835374752878,2.1262499999999998,0.0
2.17875,0.0,2.17875,2.5805885446267607,2.17875,0.003060611309054338,2.17875,0.0,2.17875,1.6004236484066592,2.17875,0.0
2.23125,0.0,2.23125,3.2629115940062383,2.23125,0.003891044752139737,2.23125,0.0,2.23125,3.376705326625107,2.23125,0.0
2.28375,0.0003410842071364033,2.28375,3.619756148235081,2.28375,0.0037142102363651617,2.28375,0.001382031715856804,2.28375,5.198063825327309,2.28375,0.0
2.3362499999999997,0.0003259274606822723,2.3362499999999997,3.750547575443425,2.3362499999999997,0.009760195532330306,2.3362499999999997,0.0,2.3362499999999997,6.402200689890263,2.3362499999999997,0.0
2.38875,0.0006235179661611212,2.38875,3.564664203273249,2.38875,0.01697437732397764,2.38875,0.0012632094752727547,2.38875,6.635300565768386,2.38875,0.0
2.44125,0.0004477420326607165,2.44125,3.248196238479398,2.44125,0.02681608832630229,2.44125,0.0024189283338736387,2.44125,6.0309810538857445,2.44125,0.0
2.49375,0.0008581777414300616,2.49375,2.9202798335778732,2.49375,0.038937752090125996,2.49375,0.0017386159072800443,2.49375,5.038551117343882,2.49375,0.0
2.5462499999999997,0.0008231550420490481,2.5462499999999997,2.5338928380921373,2.5462499999999997,0.06274578457542143,2.5462499999999997,0.0022235493980215792,2.5462499999999997,3.9923019539378837,2.5462499999999997,0.0
2.59875,0.0010536444260173397,2.59875,2.19396123727101,2.59875,0.08676894820205595,2.59875,0.008538478085614578,2.59875,2.9950761685495806,2.59875,0.0
2.65125,0.0027839087025287126,2.65125,1.8481844242976457,2.65125,0.1116149060553825,2.65125,0.016407359144517897,2.65125,2.2267591093931434,2.65125,0.003174042691647807
2.70375,0.0031635485196523467,2.70375,1.5898235252903776,2.70375,0.16297130174418373,2.70375,0.036482893035566934,2.70375,1.6708374884988544,2.70375,0.0
2.7562499999999996,0.008430047355288614,2.7562499999999996,1.37042308288538,2.7562499999999996,0.21355866660019762,2.7562499999999996,0.06357095191819835,2.7562499999999996,1.2495993160613137,2.7562499999999996,0.0014684121800578867
2.80875,0.01826518441329716,2.80875,1.1872369868643153,2.80875,0.30448478717465816,2.80875,0.09228196100417246,2.80875,0.9390208395079019,2.80875,0.002828065754489019
2.86125,0.03476754651847611,2.86125,1.0559388617492462,2.86125,0.34192179143324347,2.86125,0.14351525421387284,2.86125,0.7572553554932624,2.86125,0.010900954161731504
2.91375,0.07501438650806003,2.91375,0.9479955183651805,2.91375,0.4175586610396747,2.91375,0.1821147953600411,2.91375,0.5935268466078804,2.91375,0.01182563606234033
2.9662499999999996,0.14051924981933794,2.9662499999999996,0.8611955905502261,2.9662499999999996,0.47831684357819526,2.9662499999999996,0.273623808395844,2.9662499999999996,0.48771487995686236,2.9662499999999996,0.02028576851523223
3.01875,0.23923566854681177,3.01875,0.793773181394374,3.01875,0.5808682745853065,3.01875,0.37018163280876404,3.01875,0.4191442144845369,3.01875,0.04284509638990324
3.07125,0.3892661469404122,3.07125,0.731614929569357,3.07125,0.6392212070772201,3.07125,0.4833412620245796,3.07125,0.370397581002319,3.07125,0.0756898042545549
3.12375,0.5743737459607438,3.12375,0.6884028482621319,3.12375,0.7027862080023684,3.12375,0.6382417907912717,3.12375,0.3273665151710428,3.12375,0.13718821561320324
3.1762499999999996,0.8174892326365933,3.1762499999999996,0.6678689535399261,3.1762499999999996,0.8271204743399809,3.1762499999999996,0.7641450448463741,3.1762499999999996,0.3026401336786955,3.1762499999999996,0.19240144387035532
3.22875,1.0723477056448032,3.22875,0.6325436403290281,3.22875,0.9077555022064253,3.22875,0.8988747921208086,3.22875,0.28871143985337233,3.22875,0.2632419034068082
3.28125,1.338861921736502,3.28125,0.6113207006020697,3.28125,0.9904946767873332,3.28125,1.0762107634484595,3.28125,0.27363883201932293,3.28125,0.3284503114990077
3.3337499999999998,1.6273249751132717,3.3337499999999998,0.5892634179108869,3.3337499999999998,1.056718833517077,3.3337499999999998,1.1771609657285416,3.3337499999999998,0.2643903571978194,3.3337499999999998,0.4807937382652254
3.38625,1.8355699120311615,3.38625,0.5719392367447618,3.38625,1.1205035898751066,3.38625,1.3628460461816003,3.38625,0.2673504224169203,3.38625,0.5798262149564575
3.4387499999999998,2.0672193177230764,3.4387499999999998,0.5749187199704558,3.4387499999999998,1.1778825201629004,3.4387499999999998,1.4919261082763262,3.4387499999999998,0.27433742635934344,3.4387499999999998,0.6877272108631131
3.49125,2.2139342941977698,3.49125,0.5788089196963748,3.49125,1.2062974883161517,3.49125,1.5816368575550683,3.49125,0.2814228332380338,3.49125,0.803568227801082
3.54375,2.2974943236307803,3.54375,0.5683244748943554,3.54375,1.3119671205519314,3.54375,1.682061560188643,3.54375,0.2824117748010256,3.54375,0.8865327175554086
3.59625,2.354702809492858,3.59625,0.5658194024801355,3.59625,1.3447163333635657,3.59625,1.7500741152153132,3.59625,0.29929796013312887,3.59625,1.028175177789524
3.6487499999999997,2.3499659271121764,3.6487499999999997,0.5717020917092406,3.6487499999999997,1.349587162876018,3.6487499999999997,1.857900923727071,3.6487499999999997,0.30006973482800897,3.6487499999999997,1.0113695730106043
3.70125,2.3156546511342686,3.70125,0.5883384659177131,3.70125,1.4183373500355818,3.70125,1.8950189306139806,3.70125,0.31879752901807207,3.70125,1.153074726626543
3.75375,2.2467268875243267,3.75375,0.6025887553839915,3.75375,1.4256854442057456,3.75375,1.862333783815036,3.75375,0.3571772140818646,3.75375,1.1875497473657202
3.80625,2.1369800728787043,3.80625,0.5995406082761751,3.80625,1.4738773035025186,3.80625,1.8794779014107974,3.80625,0.37384279346481747,3.80625,1.3144084368663769
3.8587499999999997,2.044699077036685,3.8587499999999997,0.6092547422463589,3.8587499999999997,1.4773040323132118,3.8587499999999997,1.9211472629772701,3.8587499999999997,0.3930179350604279,3.8587499999999997,1.320092130460632
3.91125,1.9630234645834785,3.91125,0.626352678170466,3.91125,1.4765345254225748,3.91125,1.8666214120903202,3.91125,0.4222928396046769,3.91125,1.3366666555086828
3.96375,1.8425811455237953,3.96375,0.6262671570937453,3.96375,1.4453868899339546,3.96375,1.8854038156980437,3.96375,0.4409032232784517,3.96375,1.3895375545389579
4.016249999999999,1.7161992150330982,4.016249999999999,0.656513454520603,4.016249999999999,1.457687100444389,4.016249999999999,1.813644424198632,4.016249999999999,0.47975493768999283,4.016249999999999,1.329241966684472
4.06875,1.6207228554471045,4.06875,0.6874180768668775,4.06875,1.4729709273841483,4.06875,1.820699696094022,4.06875,0.5046593685092805,4.06875,1.3376139702005498
4.12125,1.509622815379629,4.12125,0.7076017044479926,4.12125,1.420284952946662,4.12125,1.7803378613947873,4.12125,0.5417573353926636,4.12125,1.3523555121163024
4.17375,1.4285334508613543,4.17375,0.721197273529376,4.17375,1.4134149776675862,4.17375,1.6996254978192187,4.17375,0.5719425147462254,4.17375,1.3115041954015265
4.22625,1.3357932946579154,4.22625,0.7536125308405771,4.22625,1.3972268659088962,4.22625,1.6788489919152292,4.22625,0.6081137102855193,4.22625,1.3153482057192976
4.27875,1.2448631629233728,4.27875,0.7780067749042546,4.27875,1.3837836174344005,4.27875,1.6117206778459985,4.27875,0.6279421053443031,4.27875,1.3228751938569163
4.33125,1.1494351862125396,4.33125,0.7873265929815702,4.33125,1.3150729869403313,4.33125,1.5469497452862624,4.33125,0.6812051371178329,4.33125,1.2511582284516667
4.38375,1.1004533553817513,4.38375,0.8153662400685852,4.38375,1.3059405217571942,4.38375,1.4939904242869768,4.38375,0.7272308579912564,4.38375,1.2393656440492637
4.436249999999999,1.0222684754034184,4.436249999999999,0.833261070148137,4.436249999999999,1.2754600292457732,4.436249999999999,1.4397934930284992,4.436249999999999,0.7712152875928959,4.436249999999999,1.1886655041565188
4.48875,0.9491847106648408,4.48875,0.855652765868564,4.48875,1.2227247079562693,4.48875,1.3962944772576353,4.48875,0.8098751047901067,4.48875,1.1920282970353682
4.54125,0.9218876738228776,4.54125,0.8763941418413211,4.54125,1.1901554374975583,4.54125,1.3234774880298101,4.54125,0.8600926066567207,4.54125,1.1121561657033685
4.59375,0.8694076062466133,4.59375,0.9115327195105147,4.59375,1.153698114742095,4.59375,1.2838354713039009,4.59375,0.891862354077068,4.59375,1.0493476480928041
4.64625,0.8301757344505081,4.64625,0.9328399508437613,4.64625,1.0986087978625685,4.64625,1.2205941249153192,4.64625,0.9154447644492303,4.64625,0.970474528456227
4.6987499999999995,0.7846141438186653,4.6987499999999995,0.9592483178255057,4.6987499999999995,1.07463500100421,4.6987499999999995,1.151517440705404,4.6987499999999995,0.9669185854504733,4.6987499999999995,0.958509579341541
4.75125,0.7659126731428902,4.75125,0.9752660976272571,4.75125,1.0585264116177946,4.75125,1.1035393040566654,4.75125,1.0022299145921412,4.75125,0.9295375400303695
4.80375,0.7383159101627691,4.80375,1.0010326939161198,4.80375,1.0057138460481085,4.80375,1.0406602253707418,4.80375,1.0354388905726906,4.80375,0.8498691705660587
4.856249999999999,0.717045181343988,4.856249999999999,1.0252455288295645,4.856249999999999,0.9633450461847655,4.856249999999999,0.961124289731409,4.856249999999999,1.0754717242598395,4.856249999999999,0.8079414445932126
4.9087499999999995,0.6917486252314866,4.9087499999999995,1.0566752943106759,4.9087499999999995,0.8998370349118269,4.9087499999999995,0.9542869189168338,4.9087499999999995,1.1086064595945035,4.9087499999999995,0.7870481007636222
4.96125,0.6694886906711023,4.96125,1.0810480776085376,4.96125,0.9119818591822052,4.96125,0.8934910100165784,4.96125,1.1367015665817235,4.96125,0.7102006120182186
5.01375,0.6499506978290374,5.01375,1.1043369619538874,5.01375,0.8829645685353753,5.01375,0.8479227005068413,5.01375,1.1654813899492364,5.01375,0.7428899064540105
5.06625,0.6431346555633057,5.06625,1.132951217145113,5.06625,0.8632502565297895,5.06625,0.8340912886576813,5.06625,1.1910169675354116,5.06625,0.6962796688145291
5.11875,0.6287877850444247,5.11875,1.156953229365835,5.11875,0.8277042430488762,5.11875,0.8046897716939126,5.11875,1.2420881045491687,5.11875,0.682070377911983
5.17125,0.6318185343583063,5.17125,1.1778329722956686,5.17125,0.8299994351769856,5.17125,0.771317541371664,5.17125,1.2496011262030609,5.17125,0.6457649668656701
5.22375,0.622735676895069,5.22375,1.2070092413533813,5.22375,0.7988464813879542,5.22375,0.768967593085265,5.22375,1.2818065468694613,5.22375,0.6680084413929591
5.27625,0.6177535681829145,5.27625,1.2254693966627193,5.27625,0.796249800416775,5.27625,0.7647454780168815,5.27625,1.296048861536418,5.27625,0.6283332859277576
5.328749999999999,0.6068628272840169,5.328749999999999,1.2541761081398834,5.328749999999999,0.8012749131479087,5.328749999999999,0.751274063923882,5.328749999999999,1.339752705560428,5.328749999999999,0.6769076081799141
5.38125,0.6199909027308489,5.38125,1.269129827413921,5.38125,0.7979255503268861,5.38125,0.7549824980626777,5.38125,1.3642075771710387,5.38125,0.6510513511075402
5.43375,0.6240955404939681,5.43375,1.2929030812192353,5.43375,0.7832374208004811,5.43375,0.7370461536461013,5.43375,1.3757540605519838,5.43375,0.6748031355129882
5.48625,0.6370915246281268,5.48625,1.3005347336336015,5.48625,0.7581820836040829,5.48625,0.7331857540028901,5.48625,1.3877448331027271,5.48625,0.6675096264074436
5.53875,0.6448747823017857,5.53875,1.3060736733413039,5.53875,0.800236306141957,5.53875,0.7583570512815364,5.53875,1.3993393637894616,5.53875,0.6912794735834386
5.59125,0.6651154669309487,5.59125,1.3207626774320835,5.59125,0.8034044571989036,5.59125,0.7452201596547001,5.59125,1.398295612990546,5.59125,0.685852446853354
5.64375,0.6767594025526638,5.64375,1.2966270382386729,5.64375,0.8016032551447072,5.64375,0.7523534662747868,5.64375,1.3941258499875018,5.64375,0.7218345194014266
5.69625,0.7021729735650932,5.69625,1.2887784760859218,5.69625,0.8037616628768391,5.69625,0.7699839222041933,5.69625,1.3831297023918687,5.69625,0.7835405731577374
5.748749999999999,0.7230236619032776,5.748749999999999,1.2811232536388633,5.748749999999999,0.812888612884035,5.748749999999999,0.7842304220088423,5.748749999999999,1.3736153263862916,5.748749999999999,0.8162153447572014
5.80125,0.7530779176957122,5.80125,1.2520022799019368,5.80125,0.8234257882038225,5.80125,0.7902338770676711,5.80125,1.3491427722730784,5.80125,0.8137737784386424
5.85375,0.7813714394835525,5.85375,1.2316824256200016,5.85375,0.823421050138142,5.85375,0.8041008059532452,5.85375,1.317128258082442,5.85375,0.8513316172531242
5.90625,0.8101763721754496,5.90625,1.213296239759854,5.90625,0.8659084352983849,5.90625,0.7787109189309324,5.90625,1.2801630990275936,5.90625,0.8775177663243621
5.95875,0.8379495288619979,5.95875,1.178829918545915,5.95875,0.8445795197644504,5.95875,0.8455438254477341,5.95875,1.239877291373889,5.95875,0.9010820324699397
6.0112499999999995,0.8793041634287093,6.0112499999999995,1.1541822194148572,6.0112499999999995,0.8684911608957031,6.0112499999999995,0.8345294910381107,6.0112499999999995,1.2062501084729127,6.0112499999999995,0.9474643327797838
6.06375,0.9001894420311867,6.06375,1.1203543090485777,6.06375,0.8940859762524942,6.06375,0.8391574781979255,6.06375,1.1680269025682255,6.06375,0.9554010069192093
6.11625,0.9513564985997714,6.11625,1.0964295393519696,6.11625,0.9008117406698553,6.11625,0.8827168638961707,6.11625,1.117578319131033,6.11625,0.9647160037617449
6.168749999999999,0.9806731262505415,6.168749999999999,1.0674355883628321,6.168749999999999,0.9062891108902351,6.168749999999999,0.8856565847816867,6.168749999999999,1.0692821684896145,6.168749999999999,1.0536089074804824
6.2212499999999995,1.000457392309404,6.2212499999999995,1.0300848731329069,6.2212499999999995,0.9310996369290414,6.2212499999999995,0.9054128653486629,6.2212499999999995,1.0379230485513222,6.2212499999999995,1.0431073859248454
6.27375,1.0416371565095934,6.27375,1.0129693443946932,6.27375,0.9396985926796818,6.27375,0.9166032357986537,6.27375,0.9899977152455055,6.27375,1.0716378585512396
6.32625,1.0783618373732504,6.32625,0.9764285908134288,6.32625,0.9624064543611448,6.32625,0.9417978717719021,6.32625,0.9603379231409058,6.32625,1.1291857070259195
6.37875,1.1075764746407353,6.37875,0.9631713940641019,6.37875,0.9861469504348874,6.37875,0.9596646052753512,6.37875,0.9328891172402666,6.37875,1.136172974309135
6.4312499999999995,1.136256492205094,6.4312499999999995,0.9331677350939739,6.4312499999999995,0.9802994552142771,6.4312499999999995,0.9917255169318492,6.4312499999999995,0.8953270343316531,6.4312499999999995,1.1533014095172744
6.48375,1.1711659529214,6.48375,0.9284685536138083,6.48375,0.9995105581483067,6.48375,0.9992212083775411,6.48375,0.8661614771481175,6.48375,1.1697283431363323
6.53625,1.1866771914892755,6.53625,0.9051571072652788,6.53625,1.006871068193194,6.53625,1.0236432013704198,6.53625,0.8522305623814782,6.53625,1.2118538476748042
6.588749999999999,1.2132060480213325,6.588749999999999,0.8801035754805345,6.588749999999999,1.0541447017810561,6.588749999999999,1.0356228967764292,6.588749999999999,0.8276602848196811,6.588749999999999,1.2306506998291713
6.641249999999999,1.2373796837372535,6.641249999999999,0.8718520026362605,6.641249999999999,1.0624700041067614,6.641249999999999,1.0504476693457738,6.641249999999999,0.816455655648205,6.641249999999999,1.242380885216864
6.69375,1.2667432469095936,6.69375,0.8607034726707465,6.69375,1.0734319479799326,6.69375,1.0521333858190831,6.69375,0.7960811277360031,6.69375,1.2608134020540607
6.74625,1.2686420658846875,6.74625,0.8527492272738573,6.74625,1.087330529240927,6.74625,1.0798519054275788,6.74625,0.7869433950604641,6.74625,1.2853871421728353
6.79875,1.2729677720068122,6.79875,0.8457142246676342,6.79875,1.077727477941399,6.79875,1.079769394537257,6.79875,0.7705741209126298,6.79875,1.285643970267317
6.85125,1.2779220054059182,6.85125,0.8397559523866668,6.85125,1.0991397375060614,6.85125,1.094228054056973,6.85125,0.7777487078173908,6.85125,1.291683510253172
6.90375,1.2889988705303699,6.90375,0.8404052013431927,6.90375,1.1176446260326507,6.90375,1.1092579845878896,6.90375,0.7735167674428667,6.90375,1.294582629156774
6.95625,1.2809943249842453,6.95625,0.8397727030386624,6.95625,1.1100461069978218,6.95625,1.1211788513972627,6.95625,0.7716319521256967,6.95625,1.2806485458309738
7.00875,1.274478364184959,7.00875,0.8422405979589678,7.00875,1.1149715162037137,7.00875,1.1255024663914086,7.00875,0.7735065917721403,7.00875,1.2983247781193872
7.061249999999999,1.2642318692949368,7.061249999999999,0.8312658242190419,7.061249999999999,1.1258446472047718,7.061249999999999,1.1122259868207176,7.061249999999999,0.7794720742288157,7.061249999999999,1.295870786156105
7.11375,1.2436719198279764,7.11375,0.8425070566620566,7.11375,1.1214426343739188,7.11375,1.1263523984249095,7.11375,0.7815908792071832,7.11375,1.2880568753588018
7.16625,1.2347136692524427,7.16625,0.8387016413382715,7.16625,1.1426993846227238,7.16625,1.1124361012318909,7.16625,0.7944398561004058,7.16625,1.295103395340521
7.21875,1.2196019195733945,7.21875,0.8487043418221467,7.21875,1.1256741222141993,7.21875,1.1277144519494036,7.21875,0.8092750670223714,7.21875,1.2791171281840206
7.27125,1.20880039711173,7.27125,0.8505862694755851,7.27125,1.1389733443024206,7.27125,1.1178283042293542,7.27125,0.8179958214761031,7.27125,1.2391910918231455
7.3237499999999995,1.1786466536720315,7.3237499999999995,0.8597132877923571,7.3237499999999995,1.1491584104042856,7.3237499999999995,1.1020611862517191,7.3237499999999995,0.8262685444476328,7.3237499999999995,1.2865875843225403
7.37625,1.1672744645937623,7.37625,0.8667031763126213,7.37625,1.1254705518134156,7.37625,1.1237234281740565,7.37625,0.8445174862681615,7.37625,1.253781031016615
7.42875,1.1376496251643384,7.42875,0.8866333576563104,7.42875,1.112076357226512,7.42875,1.1203705607364818,7.42875,0.8712503500827014,7.42875,1.241176085800141
7.481249999999999,1.1157789394772422,7.481249999999999,0.8898385056629218,7.481249999999999,1.113310145732053,7.481249999999999,1.0983261653382244,7.481249999999999,0.8783582317343804,7.481249999999999,1.2389654913876311
7.5337499999999995,1.0927126972968522,7.5337499999999995,0.9091070861358073,7.5337499999999995,1.109879197171149,7.5337499999999995,1.0915175060398536,7.5337499999999995,0.8960906568519684,7.5337499999999995,1.2154682998478525
7.58625,1.0732361322001565,7.58625,0.9152753553408022,7.58625,1.111906165235263,7.58625,1.0714523268879375,7.58625,0.9143011414996459,7.58625,1.1667199694674821
7.63875,1.0533819957917334,7.63875,0.9251639386492279,7.63875,1.1022357925292572,7.63875,1.0778995133330382,7.63875,0.9293489736520268,7.63875,1.1631647293856353
7.69125,1.0267655127477717,7.69125,0.9407186180767236,7.69125,1.0751227930077196,7.69125,1.0756635187924424,7.69125,0.9388403764739738,7.69125,1.1386647819192455
7.7437499999999995,1.0098793157905452,7.7437499999999995,0.9530293676511318,7.7437499999999995,1.0807045932985013,7.7437499999999995,1.0688811028324743,7.7437499999999995,0.9678856855118619,7.7437499999999995,1.1269983502087038
7.79625,0.9819531199384988,7.79625,0.9665115841295319,7.79625,1.0625334284748895,7.79625,1.0502645542412639,7.79625,0.9874131097775922,7.79625,1.1122381595357296
7.84875,0.9718206573768102,7.84875,0.9852969395453781,7.84875,1.0552848816702807,7.84875,1.0263151872546463,7.84875,1.0029836251490496,7.84875,1.0644500643201422
7.901249999999999,0.9596899472990127,7.901249999999999,0.9921063953468856,7.901249999999999,1.0475914912803328,7.901249999999999,1.0237484798233296,7.901249999999999,1.0305298003854075,7.901249999999999,1.0603583476398764
7.953749999999999,0.9383450883033132,7.953749999999999,1.012100261686356,7.953749999999999,1.0240850244490454,7.953749999999999,1.0196786232579844,7.953749999999999,1.0277610518942197,7.953749999999999,1.0405872194550834
8.00625,0.9186830032836799,8.00625,1.0226316618301414,8.00625,1.0382004835394896,8.00625,1.0053938240800788,8.00625,1.0498574139942607,8.00625,0.9761665277914986
8.05875,0.9066289550893493,8.05875,1.026482133361438,8.05875,1.0272530577605026,8.05875,0.9846783980467262,8.05875,1.0704564889408579,8.05875,1.0297945930624766
8.111249999999998,0.8896038729350155,8.111249999999998,1.041488602444946,8.111249999999998,1.0101705668718783,8.111249999999998,0.9706035315397341,8.111249999999998,1.0691187281171202,8.111249999999998,0.9861560185318159
8.16375,0.8839912277095603,8.16375,1.0480329008650124,8.16375,1.0097186975541022,8.16375,0.9872001378498276,8.16375,1.0933566399641923,8.16375,0.9756891764271547
8.216249999999999,0.874377405031826,8.216249999999999,1.0592970054178632,8.216249999999999,0.9833687028351054,8.216249999999999,0.9560983699923722,8.216249999999999,1.0952175018265253,8.216249999999999,0.9402900064394704
8.26875,0.8651828795426526,8.26875,1.068029840699729,8.26875,0.9855129618924522,8.26875,0.9490565318853117,8.26875,1.1017990419143455,8.26875,0.8957555024895881
8.32125,0.8549039843196248,8.32125,1.0768143903285923,8.32125,0.9689201578727735,8.32125,0.9307166493590308,8.32125,1.1180088150956782,8.32125,0.9171934096368918
8.373750000000001,0.8581210962943614,8.373750000000001,1.087651935018753,8.373750000000001,0.9726946174752523,8.373750000000001,0.9360448334094681,8.373750000000001,1.126469463840276,8.373750000000001,0.9027058345420373
8.42625,0.8503803421655673,8.42625,1.0864134150950313,8.42625,0.961566560999721,8.42625,0.941879042810023,8.42625,1.1322513570657673,8.42625,0.918202443704855
8.47875,0.852180936518017,8.47875,1.0889339783320031,8.47875,0.9574429125920291,8.47875,0.9237335322005321,8.47875,1.1280062458216076,8.47875,0.8758309326693471
8.53125,0.8488621615085371,8.53125,1.1074567606063652,8.53125,0.947159219693509,8.53125,0.922650088720657,8.53125,1.1303663208508807,8.53125,0.8696829295760122
8.583749999999998,0.85443376353238,8.583749999999998,1.1041617943162148,8.583749999999998,0.9515154345096125,8.583749999999998,0.8988270489272576,8.583749999999998,1.1385644735139535,8.583749999999998,0.8752776055462284
8.63625,0.8514116303076992,8.63625,1.102240935147719,8.63625,0.9358262913388296,8.63625,0.9206951999369373,8.63625,1.1442546102546691,8.63625,0.8553949263047124
8.688749999999999,0.8640704553944234,8.688749999999999,1.1039699873477309,8.688749999999999,0.9521365578452371,8.688749999999999,0.9101755094910142,8.688749999999999,1.1265023099215696,8.688749999999999,0.8588315761255737
8.74125,0.8687745619789702,8.74125,1.0961486961377538,8.74125,0.9371844011871894,8.74125,0.911256239071419,8.74125,1.1264733094598944,8.74125,0.8538022563423319
8.79375,0.8673696985905218,8.79375,1.100393271201255,8.79375,0.9473839544834806,8.79375,0.9079584758400058,8.79375,1.1217101312074684,8.79375,0.8583526819321443
8.846250000000001,0.8789174734411933,8.846250000000001,1.0906235967910067,8.846250000000001,0.9471884193760898,8.846250000000001,0.9093722691301498,8.846250000000001,1.1170596404719744,8.846250000000001,0.8775608527046946
8.89875,0.8906161700569908,8.89875,1.0898206320452486,8.89875,0.9447909547255327,8.89875,0.9252995849635723,8.89875,1.1067783641183766,8.89875,0.8759710801647272
8.951249999999998,0.8991276781405515,8.951249999999998,1.0886411826496993,8.951249999999998,0.9529621276437296,8.951249999999998,0.9178061357796216,8.951249999999998,1.1093241151656308,8.951249999999998,0.86447286085039
9.00375,0.9178702552698108,9.00375,1.0795782634219837,9.00375,0.9383565616933657,9.00375,0.9242951274329804,9.00375,1.087870535868627,9.00375,0.876713797148145
9.056249999999999,0.9237117907117839,9.056249999999999,1.0693752860363182,9.056249999999999,0.9516012975203638,9.056249999999999,0.9349229207972692,9.056249999999999,1.087589916511368,9.056249999999999,0.8974548554469806
9.10875,0.9410223375790165,9.10875,1.0634296688822644,9.10875,0.9549062208972591,9.10875,0.9397716040704736,9.10875,1.0789784449468,9.10875,0.9026018141156351
9.161249999999999,0.9523654204445164,9.161249999999999,1.053379679736901,9.161249999999999,0.9562265479381248,9.161249999999999,0.9468099267367801,9.161249999999999,1.0614899573403356,9.161249999999999,0.904382123416028
9.213750000000001,0.9691314878447124,9.213750000000001,1.0439968185100217,9.213750000000001,0.9601361688302932,9.213750000000001,0.9587218821108786,9.213750000000001,1.0562626977483558,9.213750000000001,0.90934858056664
9.26625,0.9853539276718883,9.26625,1.0370533964707713,9.26625,0.9556045896874455,9.26625,0.9640495199260541,9.26625,1.0484473607225986,9.26625,0.9415586889859932
9.31875,0.9966433385760192,9.31875,1.0326935333126783,9.31875,0.9789434842397562,9.31875,0.9651292060859686,9.31875,1.0288955239494255,9.31875,0.9529468546086723
9.37125,1.0067576885970704,9.37125,1.0226627897841676,9.37125,0.9724174900048206,9.37125,0.9685456160444944,9.37125,1.0218338347586498,9.37125,0.9641484658505876
9.423749999999998,1.0126290486320266,9.423749999999998,1.0076248443629365,9.423749999999998,0.979773067167232,9.423749999999998,0.9738959861780082,9.423749999999998,1.0012561014465418,9.423749999999998,0.9636108226785243
9.47625,1.014950910772037,9.47625,0.9862045645801313,9.47625,0.9781693723983139,9.47625,0.9813563926040403,9.47625,0.9699958817251966,9.47625,0.9712250117915033
9.528749999999999,1.0101067203690195,9.528749999999999,0.9585359675946818,9.528749999999999,0.9618730485421493,9.528749999999999,0.9585846000366506,9.528749999999999,0.9414807016352567,9.528749999999999,0.9585864902551157
9.58125,1.0020324074062836,9.58125,0.9314464630495534,9.58125,0.9493561268518804,9.58125,0.9576487379278148,9.58125,0.9156599928432689,9.58125,0.9573458691192585
9.63375,0.9944665773656609,9.63375,0.9088258178491335,9.63375,0.9370019948788036,9.63375,0.9444435655303146,9.63375,0.8905118444631053,9.63375,0.9527096658160298
9.686250000000001,0.9916983509683074,9.686250000000001,0.888324165089386,9.686250000000001,0.9119028072782619,9.686250000000001,0.9375755006354306,9.686250000000001,0.8649276246759612,9.686250000000001,0.9422913016071232
9.73875,0.9783058436937497,9.73875,0.8625833903706277,9.73875,0.8993911011182245,9.73875,0.9296602070196562,9.73875,0.8472029899357661,9.73875,0.9539194192640921
9.791249999999998,0.9670355638009225,9.791249999999998,0.8437870176932323,9.791249999999998,0.9051294833050458,9.791249999999998,0.9196422229368458,9.791249999999998,0.8209231991096421,9.791249999999998,0.9392953142687865
9.84375,0.9521123304226518,9.84375,0.8272056659350797,9.84375,0.8991990942115757,9.84375,0.9124253281205632,9.84375,0.7989169364203291,9.84375,0.9206684014661901
9.896249999999998,0.9421733997220975,9.896249999999998,0.8078257209848115,9.896249999999998,0.8846397853021101,9.896249999999998,0.9011140704278957,9.896249999999998,0.7865658410070201,9.896249999999998,0.9096729770139134
9.94875,0.9269715809494574,9.94875,0.7852509627099737,9.94875,0.8673031788608987,9.94875,0.8776094272827745,9.94875,0.7679095450596574,9.94875,0.8927714474956495
10.001249999999999,0.9132367251133863,10.001249999999999,0.7680707339089253,10.001249999999999,0.8573984356067088,10.001249999999999,0.8733923726255279,10.001249999999999,0.743660010688131,10.001249999999999,0.9098555720555395
10.05375,0.8953549741079856,10.05375,0.7503120430333295,10.05375,0.8424779895215507,10.05375,0.8644015896742305,10.05375,0.7204110101013458,10.05375,0.8849265471780945
10.10625,0.8831070088014865,10.10625,0.7373918669430949,10.10625,0.8371143922094203,10.10625,0.8470456709975966,10.10625,0.715072287219175,10.10625,0.8569699132526806
10.158750000000001,0.862306655872185,10.158750000000001,0.7197850684739875,10.158750000000001,0.8221959388382138,10.158750000000001,0.8396404273780753,10.158750000000001,0.7065879970173057,10.158750000000001,0.8697548082808646
10.21125,0.8479431439273056,10.21125,0.7083670042044866,10.21125,0.8072141123621447,10.21125,0.8252563329501905,10.21125,0.6798789072215384,10.21125,0.838794569476773
10.263749999999998,0.8275708290262068,10.263749999999998,0.691308372117251,10.263749999999998,0.7962648559343506,10.263749999999998,0.8067083748032033,10.263749999999998,0.6758132808414409,10.263749999999998,0.8196457771412647
10.31625,0.8095323745794477,10.31625,0.6794295657182704,10.31625,0.791685056569949,10.31625,0.7858188884273967,10.31625,0.6635438775672777,10.31625,0.8184524881889664
10.368749999999999,0.793197587549957,10.368749999999999,0.6700273429895133,10.368749999999999,0.7608943599043151,10.368749999999999,0.7801945194670893,10.368749999999999,0.653103924119983,10.368749999999999,0.8048934237874334
10.42125,0.7720064473091393,10.42125,0.6585209495350454,10.42125,0.7528458937773774,10.42125,0.7554282317505395,10.42125,0.6376687300851516,10.42125,0.7826286608614615
10.473749999999999,0.752715564050873,10.473749999999999,0.6440486828462367,10.473749999999999,0.7420063491921712,10.473749999999999,0.7434057587044715,10.473749999999999,0.6339650851045128,10.473749999999999,0.7678872848041532
