Cl-Cl,,Na-Cl,,Na-Na,
R (A),RDF,R (A),RDF,R (A),RDF
0.026250000,0.000000000,0.026250000,0.000000000,0.026250000,0.000000000
0.078750000,0.000000000,0.078750000,0.000000000,0.078750000,0.000000000
0.131250000,0.000000000,0.131250000,0.000000000,0.131250000,0.000000000
0.183750000,0.000000000,0.183750000,0.000000000,0.183750000,0.000000000
0.236250000,0.000000000,0.236250000,0.000000000,0.236250000,0.000000000
0.288750000,0.000000000,0.288750000,0.000000000,0.288750000,0.000000000
0.341250000,0.000000000,0.341250000,0.000000000,0.341250000,0.000000000
0.393750000,0.000000000,0.393750000,0.000000000,0.393750000,0.000000000
0.446250000,0.000000000,0.446250000,0.000000000,0.446250000,0.000000000
0.498750000,0.000000000,0.498750000,0.000000000,0.498750000,0.000000000
0.551250000,0.000000000,0.551250000,0.000000000,0.551250000,0.000000000
0.603750000,0.000000000,0.603750000,0.000000000,0.603750000,0.000000000
0.656250000,0.000000000,0.656250000,0.000000000,0.656250000,0.000000000
0.708750000,0.000000000,0.708750000,0.000000000,0.708750000,0.000000000
0.761250000,0.000000000,0.761250000,0.000000000,0.761250000,0.000000000
0.813750000,0.000000000,0.813750000,0.000000000,0.813750000,0.000000000
0.866250000,0.000000000,0.866250000,0.000000000,0.866250000,0.000000000
0.918750000,0.000000000,0.918750000,0.000000000,0.918750000,0.000000000
0.971250000,0.000000000,0.971250000,0.000000000,0.971250000,0.000000000
1.023750000,0.000000000,1.023750000,0.000000000,1.023750000,0.000000000
1.076250000,0.000000000,1.076250000,0.000000000,1.076250000,0.000000000
1.128750000,0.000000000,1.128750000,0.000000000,1.128750000,0.000000000
1.181250000,0.000000000,1.181250000,0.000000000,1.181250000,0.000000000
1.233750000,0.000000000,1.233750000,0.000000000,1.233750000,0.000000000
1.286250000,0.000000000,1.286250000,0.000000000,1.286250000,0.000000000
1.338750000,0.000000000,1.338750000,0.000000000,1.338750000,0.000000000
1.391250000,0.000000000,1.391250000,0.000000000,1.391250000,0.000000000
1.443750000,0.000000000,1.443750000,0.000000000,1.443750000,0.000000000
1.496250000,0.000000000,1.496250000,0.000000000,1.496250000,0.000000000
1.548750000,0.000000000,1.548750000,0.000000000,1.548750000,0.000000000
1.601250000,0.000000000,1.601250000,0.000000000,1.601250000,0.000000000
1.653750000,0.000000000,1.653750000,0.000301399,1.653750000,0.000000000
1.706250000,0.000000000,1.706250000,0.000000000,1.706250000,0.000000000
1.758750000,0.000000000,1.758750000,0.000000000,1.758750000,0.000000000
1.811250000,0.000000000,1.811250000,0.000000000,1.811250000,0.000000000
1.863750000,0.000000000,1.863750000,0.000237309,1.863750000,0.000000000
1.916250000,0.000000000,1.916250000,0.000224484,1.916250000,0.000000000
1.968750000,0.000000000,1.968750000,0.000638017,1.968750000,0.000000000
2.021250000,0.000407308,2.021250000,0.001008842,2.021250000,0.000000000
2.073750000,0.000000000,2.073750000,0.001725140,2.073750000,0.000000000
2.126250000,0.000000000,2.126250000,0.010575357,2.126250000,0.000000000
2.178750000,0.000000000,2.178750000,0.031257516,2.178750000,0.000701103
2.231250000,0.000000000,2.231250000,0.115241927,2.231250000,0.000334250
2.283750000,0.000000000,2.283750000,0.330804005,2.283750000,0.001595297
2.336250000,0.000000000,2.336250000,0.694130124,2.336250000,0.001219525
2.388750000,0.000291628,2.388750000,1.236031877,2.388750000,0.002333022
2.441250000,0.000279220,2.441250000,1.881945288,2.441250000,0.005025960
2.493750000,0.000267588,2.493750000,2.543994368,2.493750000,0.007760039
2.546250000,0.000000000,2.546250000,3.063311687,2.546250000,0.011293355
2.598750000,0.000492804,2.598750000,3.407187832,2.598750000,0.022915373
2.651250000,0.000946961,2.651250000,3.564429931,2.651250000,0.035511046
2.703750000,0.000682908,2.703750000,3.539554035,2.703750000,0.048941752
2.756250000,0.003285706,2.756250000,3.412946714,2.756250000,0.070314105
2.808750000,0.006960860,2.808750000,3.168794623,2.808750000,0.102303546
2.861250000,0.007927360,2.861250000,2.901131317,2.861250000,0.136594509
2.913750000,0.021168749,2.913750000,2.613533727,2.913750000,0.178366313
2.966250000,0.038960825,2.966250000,2.342237586,2.966250000,0.250597540
3.018750000,0.065739292,3.018750000,2.117287020,3.018750000,0.309887719
3.071250000,0.108321639,3.071250000,1.898351685,3.071250000,0.364130069
3.123750000,0.170539507,3.123750000,1.683521745,3.123750000,0.445960811
3.176250000,0.245113556,3.176250000,1.513607620,3.176250000,0.549443644
3.228750000,0.339369351,3.228750000,1.358746254,3.228750000,0.637075767
3.281250000,0.469710814,3.281250000,1.232848448,3.281250000,0.733237282
3.333750000,0.592786403,3.333750000,1.118965889,3.333750000,0.847329694
3.386250000,0.727799859,3.386250000,1.013942532,3.386250000,0.950856366
3.438750000,0.878982244,3.438750000,0.937069981,3.438750000,1.055313457
3.491250000,1.021629509,3.491250000,0.855265341,3.491250000,1.154879596
3.543750000,1.172329508,3.543750000,0.801360998,3.543750000,1.217515940
3.596250000,1.317718576,3.596250000,0.739381029,3.596250000,1.309612310
3.648750000,1.444815260,3.648750000,0.689960453,3.648750000,1.383817782
3.701250000,1.580985238,3.701250000,0.643447653,3.701250000,1.441532987
3.753750000,1.676429876,3.753750000,0.615512713,3.753750000,1.506247738
3.806250000,1.761793458,3.806250000,0.583970085,3.806250000,1.554003370
3.858750000,1.826275994,3.858750000,0.564810955,3.858750000,1.589344038
3.911250000,1.902457964,3.911250000,0.537356336,3.911250000,1.623654158
3.963750000,1.869025302,3.963750000,0.530194521,3.963750000,1.655283204
4.016250000,1.907142096,4.016250000,0.507378294,4.016250000,1.635297488
4.068750000,1.903478485,4.068750000,0.507067158,4.068750000,1.635085606
4.121250000,1.851960546,4.121250000,0.501025593,4.121250000,1.613288665
4.173750000,1.828781670,4.173750000,0.501939941,4.173750000,1.594547829
4.226250000,1.816797082,4.226250000,0.502700662,4.226250000,1.558439220
4.278750000,1.743672903,4.278750000,0.506605183,4.278750000,1.539155152
4.331250000,1.698820135,4.331250000,0.509690459,4.331250000,1.500915706
4.383750000,1.630836875,4.383750000,0.513899087,4.383750000,1.439722502
4.436250000,1.572003188,4.436250000,0.515253680,4.436250000,1.441193176
4.488750000,1.507696113,4.488750000,0.539806947,4.488750000,1.370925652
4.541250000,1.459158900,4.541250000,0.548543637,4.541250000,1.339088754
4.593750000,1.403365262,4.593750000,0.558812612,4.593750000,1.297537200
4.646250000,1.352789955,4.646250000,0.580203214,4.646250000,1.251960890
4.698750000,1.319940388,4.698750000,0.598562074,4.698750000,1.222482478
4.751250000,1.262108548,4.751250000,0.616154890,4.751250000,1.202987524
4.803750000,1.204889206,4.803750000,0.640770438,4.803750000,1.190898991
4.856250000,1.158091759,4.856250000,0.664288136,4.856250000,1.174533105
4.908750000,1.127236830,4.908750000,0.683579497,4.908750000,1.127651205
4.961250000,1.111078569,4.961250000,0.716679495,4.961250000,1.101207724
5.013750000,1.061518117,5.013750000,0.746053307,5.013750000,1.089388347
5.066250000,1.044624237,5.066250000,0.768216579,5.066250000,1.079894569
5.118750000,1.008380792,5.118750000,0.812788943,5.118750000,1.063763298
5.171250000,0.980853825,5.171250000,0.841468569,5.171250000,1.048372312
5.223750000,0.952211705,5.223750000,0.879198852,5.223750000,1.029540029
5.276250000,0.935628173,5.276250000,0.910619255,5.276250000,1.024337105
5.328750000,0.914997527,5.328750000,0.954223403,5.328750000,1.004721553
5.381250000,0.893208463,5.381250000,0.994480588,5.381250000,0.990155171
5.433750000,0.883133503,5.433750000,1.041554828,5.433750000,0.959447419
5.486250000,0.842317302,5.486250000,1.069015692,5.486250000,0.943660762
5.538750000,0.846061746,5.538750000,1.111805981,5.538750000,0.923035627
5.591250000,0.832164298,5.591250000,1.146796005,5.591250000,0.895083648
5.643750000,0.805364768,5.643750000,1.183066979,5.643750000,0.882897127
5.696250000,0.787356775,5.696250000,1.216618034,5.696250000,0.867928525
5.748750000,0.763574958,5.748750000,1.239821759,5.748750000,0.841473300
5.801250000,0.760843950,5.801250000,1.262406468,5.801250000,0.836547602
5.853750000,0.747403508,5.853750000,1.285596989,5.853750000,0.822580937
5.906250000,0.747675909,5.906250000,1.308239769,5.906250000,0.801916163
5.958750000,0.721436141,5.958750000,1.321135715,5.958750000,0.796096556
6.011250000,0.722567407,6.011250000,1.329071857,6.011250000,0.787087288
6.063750000,0.720473911,6.063750000,1.349808824,6.063750000,0.775372765
6.116250000,0.715320523,6.116250000,1.344100579,6.116250000,0.770482055
6.168750000,0.719246067,6.168750000,1.346622276,6.168750000,0.764945109
6.221250000,0.717305284,6.221250000,1.337898775,6.221250000,0.759312552
6.273750000,0.710719983,6.273750000,1.331288082,6.273750000,0.746869036
6.326250000,0.709451170,6.326250000,1.319397386,6.326250000,0.761343976
6.378750000,0.728413641,6.378750000,1.297525286,6.378750000,0.761378345
6.431250000,0.738859485,6.431250000,1.290459061,6.431250000,0.787422075
6.483750000,0.753108476,6.483750000,1.256487796,6.483750000,0.791031100
6.536250000,0.764196400,6.536250000,1.245684899,6.536250000,0.789982526
6.588750000,0.777865056,6.588750000,1.216626764,6.588750000,0.809605262
6.641250000,0.799949692,6.641250000,1.202196328,6.641250000,0.837340039
6.693750000,0.812446223,6.693750000,1.161408085,6.693750000,0.848138146
6.746250000,0.832648849,6.746250000,1.142786279,6.746250000,0.864606301
6.798750000,0.846048628,6.798750000,1.122654988,6.798750000,0.869089952
6.851250000,0.889855996,6.851250000,1.095417355,6.851250000,0.900562630
6.903750000,0.902490220,6.903750000,1.062147103,6.903750000,0.912371245
6.956250000,0.939369694,6.956250000,1.044522786,6.956250000,0.936652864
7.008750000,0.962072152,7.008750000,1.011681651,7.008750000,0.952180076
7.061250000,0.979592590,7.061250000,0.991337347,7.061250000,0.976989332
7.113750000,1.017505998,7.113750000,0.976188975,7.113750000,1.005437460
7.166250000,1.033079748,7.166250000,0.954650641,7.166250000,1.014350095
7.218750000,1.080859384,7.218750000,0.940609715,7.218750000,1.028742073
7.271250000,1.085986890,7.271250000,0.919124153,7.271250000,1.065937224
7.323750000,1.116949267,7.323750000,0.902520612,7.323750000,1.077236618
7.376250000,1.133557430,7.376250000,0.886582836,7.376250000,1.097527786
7.428750000,1.156943932,7.428750000,0.874962350,7.428750000,1.107037966
7.481250000,1.172815258,7.481250000,0.868734670,7.481250000,1.115371245
7.533750000,1.184732237,7.533750000,0.858136055,7.533750000,1.125036768
7.586250000,1.193547908,7.586250000,0.843363482,7.586250000,1.135254122
7.638750000,1.216241349,7.638750000,0.845048394,7.638750000,1.149905061
7.691250000,1.216629242,7.691250000,0.834443187,7.691250000,1.163910892
7.743750000,1.221446060,7.743750000,0.838426465,7.743750000,1.160975960
7.796250000,1.229719369,7.796250000,0.828135537,7.796250000,1.172388135
7.848750000,1.231665703,7.848750000,0.833633823,7.848750000,1.161240812
7.901250000,1.233691800,7.901250000,0.828310061,7.901250000,1.170623765
7.953750000,1.223220098,7.953750000,0.827588487,7.953750000,1.168978687
8.006250000,1.221275633,8.006250000,0.833836378,8.006250000,1.173766292
8.058750000,1.216817918,8.058750000,0.832007168,8.058750000,1.162673915
8.111250000,1.209261801,8.111250000,0.835254887,8.111250000,1.162898629
8.163750000,1.197429149,8.163750000,0.846365670,8.163750000,1.156579327
8.216250000,1.191321097,8.216250000,0.846952995,8.216250000,1.146874888
8.268750000,1.173880382,8.268750000,0.853570075,8.268750000,1.142166384
8.321250000,1.160893234,8.321250000,0.860524716,8.321250000,1.135682547
8.373750000,1.148945385,8.373750000,0.867297172,8.373750000,1.124880471
8.426250000,1.141376180,8.426250000,0.884852842,8.426250000,1.120868066
8.478750000,1.103210864,8.478750000,0.895142965,8.478750000,1.102747894
8.531250000,1.088394295,8.531250000,0.899914747,8.531250000,1.098363202
8.583750000,1.078983503,8.583750000,0.910432949,8.583750000,1.076566840
8.636250000,1.067980080,8.636250000,0.924619659,8.636250000,1.082750540
8.688750000,1.054341500,8.688750000,0.936585413,8.688750000,1.056435591
8.741250000,1.037816354,8.741250000,0.951628668,8.741250000,1.057700647
8.793750000,1.023266524,8.793750000,0.961194022,8.793750000,1.036953117
8.846250000,1.005989576,8.846250000,0.970529149,8.846250000,1.024064938
8.898750000,0.996760397,8.898750000,0.986136136,8.898750000,1.011050567
8.951250000,0.976711769,8.951250000,1.008317701,8.951250000,1.005518608
9.003750000,0.972765274,9.003750000,1.011744721,9.003750000,1.004336832
9.056250000,0.957075970,9.056250000,1.027739555,9.056250000,0.982215725
9.108750000,0.949785789,9.108750000,1.042802689,9.108750000,0.982218184
9.161250000,0.931555228,9.161250000,1.057876377,9.161250000,0.965817869
9.213750000,0.919656113,9.213750000,1.061333799,9.213750000,0.952333652
9.266250000,0.915544108,9.266250000,1.077183850,9.266250000,0.947968700
9.318750000,0.890079836,9.318750000,1.061103241,9.318750000,0.924727162
9.371250000,0.879263250,9.371250000,1.054513507,9.371250000,0.900960119
9.423750000,0.851766962,9.423750000,1.042453356,9.423750000,0.886939476
9.476250000,0.835795072,9.476250000,1.030998912,9.476250000,0.854159918
9.528750000,0.810646926,9.528750000,1.015620071,9.528750000,0.837589069
9.581250000,0.800047227,9.581250000,1.000515466,9.581250000,0.820894064
9.633750000,0.792140096,9.633750000,0.981761796,9.633750000,0.810501078
9.686250000,0.767294118,9.686250000,0.965331737,9.686250000,0.791114645
9.738750000,0.758955993,9.738750000,0.950936310,9.738750000,0.769834567
9.791250000,0.742784583,9.791250000,0.932158515,9.791250000,0.758025284
9.843750000,0.728494053,9.843750000,0.912467054,9.843750000,0.750579518
9.896250000,0.721634795,9.896250000,0.899789580,9.896250000,0.737522349
9.948750000,0.707263000,9.948750000,0.871311995,9.948750000,0.724446065
10.001250000,0.710155552,10.001250000,0.856427559,10.001250000,0.719272694
10.053750000,0.691628623,10.053750000,0.830811825,10.053750000,0.704322228
10.106250000,0.686253804,10.106250000,0.815519521,10.106250000,0.697561294
10.158750000,0.675518656,10.158750000,0.789139253,10.158750000,0.691450395
10.211250000,0.669404273,10.211250000,0.775408582,10.211250000,0.675469019
10.263750000,0.665843656,10.263750000,0.749724910,10.263750000,0.666238582
10.316250000,0.657129302,10.316250000,0.729332784,10.316250000,0.656222378
10.368750000,0.647163772,10.368750000,0.707320578,10.368750000,0.645290851
10.421250000,0.646773594,10.421250000,0.690260587,10.421250000,0.645256605
10.473750000,0.640366592,10.473750000,0.666359755,10.473750000,0.640260402
