Ca-Ca,,Ca-Cl,,Cl-Cl,
R (A),RDF,R (A),RDF,R (A),RDF
0.02625,0.0,0.02625,0.0,0.02625,0.0
0.07875,0.0,0.07875,0.0,0.07875,0.0
0.13125,0.0,0.13125,0.0,0.13125,0.0
0.18375,0.0,0.18375,0.0,0.18375,0.0
0.23625000000000002,0.0,0.23625000000000002,0.0,0.23625000000000002,0.0
0.28875,0.0,0.28875,0.0,0.28875,0.0
0.34125,0.0,0.34125,0.0,0.34125,0.0
0.39375,0.0,0.39375,0.0,0.39375,0.0
0.44625,0.0,0.44625,0.0,0.44625,0.0
0.49875,0.0,0.49875,0.0,0.49875,0.0
0.55125,0.0,0.55125,0.0,0.55125,0.0
0.60375,0.0,0.60375,0.0,0.60375,0.0
0.65625,0.0,0.65625,0.0,0.65625,0.0
0.70875,0.0,0.70875,0.0,0.70875,0.0
0.76125,0.0,0.76125,0.0,0.76125,0.0
0.81375,0.0,0.81375,0.0,0.81375,0.0
0.86625,0.0,0.86625,0.0,0.86625,0.0
0.91875,0.0,0.91875,0.0,0.91875,0.0
0.97125,0.0,0.97125,0.0,0.97125,0.0
1.02375,0.0,1.02375,0.0,1.02375,0.0
1.07625,0.0,1.07625,0.0,1.07625,0.0
1.1287500000000001,0.0,1.1287500000000001,0.0,1.1287500000000001,0.0
1.18125,0.0,1.18125,0.0,1.18125,0.0
1.2337500000000001,0.0,1.2337500000000001,0.0,1.2337500000000001,0.0
1.28625,0.0,1.28625,0.0,1.28625,0.0
1.33875,0.0,1.33875,0.0,1.33875,0.0
1.3912499999999999,0.0,1.3912499999999999,0.0,1.3912499999999999,0.0
1.44375,0.0,1.44375,0.0,1.44375,0.0
1.4962499999999999,0.0,1.4962499999999999,0.0,1.4962499999999999,0.0
1.54875,0.0,1.54875,0.0,1.54875,0.0
1.6012499999999998,0.0,1.6012499999999998,0.0,1.6012499999999998,0.0
1.65375,0.0,1.65375,0.0,1.65375,0.0
1.7062499999999998,0.0,1.7062499999999998,0.0,1.7062499999999998,0.0
1.75875,0.0,1.75875,0.0,1.75875,0.0
1.8112499999999998,0.0,1.8112499999999998,0.0,1.8112499999999998,0.0
1.86375,0.0,1.86375,0.0018911662546316835,1.86375,0.0
1.9162499999999998,0.0,1.9162499999999998,0.0005963222090536562,1.9162499999999998,0.0
1.96875,0.0,1.96875,0.002824721343431456,1.96875,0.0
2.0212499999999998,0.0,2.0212499999999998,0.0026798964128485103,2.0212499999999998,0.0
2.07375,0.0,2.07375,0.000509186043492299,2.07375,0.0
2.1262499999999998,0.0,2.1262499999999998,0.00629658571522803,2.1262499999999998,0.0
2.17875,0.0,2.17875,0.011532319864464154,2.17875,0.0
2.23125,0.0,2.23125,0.016713968452541812,2.23125,0.0
2.28375,0.0,2.28375,0.06507706179074423,2.28375,0.0
2.3362499999999997,0.0,2.3362499999999997,0.20701665253444482,2.3362499999999997,0.0
2.38875,0.0,2.38875,0.5499203531023699,2.38875,0.0
2.44125,0.0,2.44125,1.2701956295920906,2.44125,0.0007382722107268478
2.49375,0.0,2.49375,2.1556782688158345,2.49375,0.0007075154130573233
2.5462499999999997,0.0,2.5462499999999997,3.182953488875206,2.5462499999999997,0.0010179619875977878
2.59875,0.0,2.59875,4.073771236770074,2.59875,0.001954498094538851
2.65125,0.0,2.65125,4.627435245438812,2.65125,0.006572513949201828
2.70375,0.0,2.70375,4.676835926086328,2.70375,0.009630105478919238
2.7562499999999996,0.0,2.7562499999999996,4.53640354910722,2.7562499999999996,0.020850185743797562
2.80875,0.0,2.80875,4.17882735957135,2.80875,0.03653089029108182
2.86125,0.0,2.86125,3.618180084828835,2.86125,0.08034801803751171
2.91375,0.002082697170698599,2.91375,3.1389669313796396,2.91375,0.12412148615094803
2.9662499999999996,0.0,2.9662499999999996,2.575882181291675,2.9662499999999996,0.2100294631945002
3.01875,0.0009701685933272403,3.01875,2.1126858406505584,3.01875,0.32252916454259456
3.07125,0.0009372847255491352,3.07125,1.7571550124581257,3.07125,0.4874534492431469
3.12375,0.0027181345289180613,3.12375,1.477765430866529,3.12375,0.6269977809043107
3.1762499999999996,0.007887070439387746,3.1762499999999996,1.2326651269818114,3.1762499999999996,0.8526391885598582
3.22875,0.011024969560568233,3.22875,1.0278016094026101,3.22875,1.0610714711462377
3.28125,0.012317308145592136,3.28125,0.8798549736185154,3.28125,1.2535868752919739
3.3337499999999998,0.018296383597247008,3.3337499999999998,0.7822182757925279,3.3337499999999998,1.489960170778885
3.38625,0.032382845576711894,3.38625,0.6886387733140251,3.38625,1.6895059347670087
3.4387499999999998,0.06355090463546749,3.4387499999999998,0.6129581670681787,3.4387499999999998,1.820822962856451
3.49125,0.08486492548684023,3.49125,0.5488499360510796,3.49125,1.9023845292297488
3.54375,0.1351697737380124,3.54375,0.5178867958647154,3.54375,2.0200431773754026
3.59625,0.17568638809715983,3.59625,0.4781561150610911,3.59625,2.0832914475411553
3.6487499999999997,0.2696142105133157,3.6487499999999997,0.44755387103357236,3.6487499999999997,2.055335009101927
3.70125,0.3284929957146645,3.70125,0.4375051400349311,3.70125,2.054291665949983
3.75375,0.43858306655616364,3.75375,0.4332788443900298,3.75375,2.0006666180557704
3.80625,0.5718084110437246,3.80625,0.42518771850780096,3.80625,1.9400868575263084
3.8587499999999997,0.6751075022639074,3.8587499999999997,0.4084024889149386,3.8587499999999997,1.837420277970328
3.91125,0.8085232169732047,3.91125,0.41569176753840364,3.91125,1.771743347478693
3.96375,0.9650675636173474,3.96375,0.4114432848969196,3.96375,1.6917950430372946
4.016249999999999,1.1115595727167469,4.016249999999999,0.4165049609782065,4.016249999999999,1.6291694914027626
4.06875,1.213902629230531,4.06875,0.44908052928849623,4.06875,1.5262677861941023
4.12125,1.3799342314540648,4.12125,0.45073378828786215,4.12125,1.4323216884035321
4.17375,1.4850059207386213,4.17375,0.4493967635554646,4.17375,1.370878651583317
4.22625,1.6052528514480726,4.22625,0.46490568928942877,4.22625,1.3058690332828589
4.27875,1.7592694131523323,4.27875,0.48765639425443025,4.27875,1.2407336567200353
4.33125,1.7696630124361816,4.33125,0.4923650741916777,4.33125,1.1711998402479888
4.38375,1.825063189448943,4.38375,0.5179044273688851,4.38375,1.1140084880077268
4.436249999999999,1.8679267666613117,4.436249999999999,0.5496703868055757,4.436249999999999,1.053926334497167
4.48875,1.9574419433061312,4.48875,0.5699271951172593,4.48875,1.019044747129252
4.54125,1.9231628643282894,4.54125,0.5819914814990355,4.54125,0.9663898876663558
4.59375,1.937692021076648,4.59375,0.6297819107721806,4.59375,0.9267044365367616
4.64625,1.909712981173962,4.64625,0.6331789669304663,4.64625,0.901804092700925
4.6987499999999995,1.9109252243710155,4.6987499999999995,0.673759502896573,4.6987499999999995,0.8771811332895239
4.75125,1.8520878543380304,4.75125,0.6960079591506233,4.75125,0.8638480141193116
4.80375,1.8283013125317487,4.80375,0.7241504759653562,4.80375,0.8453554689123739
4.856249999999999,1.8084789195245592,4.856249999999999,0.7687481171964201,4.856249999999999,0.8408896895963971
4.9087499999999995,1.8470544425016042,4.9087499999999995,0.7974686908769527,4.9087499999999995,0.8356901240897888
4.96125,1.7489039225019465,4.96125,0.8387755877149242,4.96125,0.8327556632691484
5.01375,1.7265381045589716,5.01375,0.8472614206939632,5.01375,0.8477889610531747
5.06625,1.6413388105709057,5.06625,0.8977903542853112,5.06625,0.8675948969687215
5.11875,1.6159415409226592,5.11875,0.9174957596104875,5.11875,0.8516527557362089
5.17125,1.5452770826156323,5.17125,0.9471109867608675,5.17125,0.8829865884832241
5.22375,1.4651246926890247,5.22375,0.97559704772818,5.22375,0.8758890739675651
5.27625,1.3954625723927756,5.27625,0.9918335980868032,5.27625,0.8960829575185507
5.328749999999999,1.3220206512779193,5.328749999999999,1.0360092292373375,5.328749999999999,0.8899024112772982
5.38125,1.2740634475335304,5.38125,1.0705672024413693,5.38125,0.9027085201904239
5.43375,1.1869800363093006,5.43375,1.0968534577380875,5.43375,0.8814001554084381
5.48625,1.0979871283606017,5.48625,1.1325644049286574,5.48625,0.877841849914989
5.53875,1.0354828092008785,5.53875,1.161020196425402,5.53875,0.8590561732708003
5.59125,0.9762526540964211,5.59125,1.1861111262151924,5.59125,0.8416624312836996
5.64375,0.9240332135579868,5.64375,1.2145406183083476,5.64375,0.8154397680436324
5.69625,0.8790137312424258,5.69625,1.243884987296947,5.69625,0.804478350010437
5.748749999999999,0.8579491535687723,5.748749999999999,1.2599001006459827,5.748749999999999,0.7998373627267255
5.80125,0.7920519059211265,5.80125,1.3041546200251473,5.80125,0.7816347845143147
5.85375,0.7484950453439848,5.85375,1.307835076041162,5.85375,0.7864247226014898
5.90625,0.7311925536558563,5.90625,1.3089192704777055,5.90625,0.7858762435921987
5.95875,0.6959549477271337,5.95875,1.3249340879847906,5.95875,0.7820029714966632
6.0112499999999995,0.68801107532284,6.0112499999999995,1.3131035359950385,6.0112499999999995,0.7906255294446037
6.06375,0.6802367842441549,6.06375,1.3192896007371464,6.06375,0.8045775169443004
6.11625,0.6849166294020438,6.11625,1.3128947386867278,6.11625,0.824052308565983
6.168749999999999,0.6805105524024473,6.168749999999999,1.315445170547342,6.168749999999999,0.8399175301256836
6.2212499999999995,0.6489717656031011,6.2212499999999995,1.287622902938051,6.2212499999999995,0.8338731782532615
6.27375,0.6559010912318044,6.27375,1.2714484377041206,6.27375,0.8706162372426289
6.32625,0.6627328764637783,6.32625,1.2421710713568166,6.32625,0.8892087364616702
6.37875,0.6592564930806891,6.37875,1.2206240441268197,6.37875,0.9255114845323932
6.4312499999999995,0.682310634817821,6.4312499999999995,1.1927823488290632,6.4312499999999995,0.9246647316671118
6.48375,0.6809800724176736,6.48375,1.1669809554465533,6.48375,0.9698290138319254
6.53625,0.7112664787161693,6.53625,1.1403648329838378,6.53625,0.9905133241112722
6.588749999999999,0.7020133658452383,6.588749999999999,1.1085435892161999,6.588749999999999,1.0217697239880794
6.641249999999999,0.7256364747539066,6.641249999999999,1.0978388384260198,6.641249999999999,1.0246834516208638
6.69375,0.7271244415823488,6.69375,1.078290668717998,6.69375,1.0618490231179873
6.74625,0.7564519504101335,6.74625,1.0449734575711083,6.74625,1.0654474062492705
6.79875,0.7601162459431179,6.79875,1.0259126170403392,6.79875,1.0876087288052234
6.85125,0.7571758461254713,6.85125,0.9989603395407597,6.85125,1.111874139735565
6.90375,0.7811339069210528,6.90375,1.0095082432402696,6.90375,1.1247542263971695
6.95625,0.8035543453489203,6.95625,0.9638265435545301,6.95625,1.1353016935154163
7.00875,0.8180185880998124,7.00875,0.9652222712384764,7.00875,1.1548132087264011
7.061249999999999,0.860690579749633,7.061249999999999,0.9442034179628472,7.061249999999999,1.1496183233800488
7.11375,0.8714444937226588,7.11375,0.9285874203713983,7.11375,1.154492902667325
7.16625,0.8950481911234897,7.16625,0.9397207386079421,7.16625,1.1633428470421392
7.21875,0.8983643321963117,7.21875,0.9176972469904464,7.21875,1.1561511185980509
7.27125,0.9339327196593208,7.27125,0.9086764494913726,7.27125,1.146714835858407
7.3237499999999995,0.9664145638358186,7.3237499999999995,0.9122711941544573,7.3237499999999995,1.1554355910214573
7.37625,0.9774059910747147,7.37625,0.902913427235694,7.37625,1.147740180193767
7.42875,0.9892729212677422,7.42875,0.9017436285543599,7.42875,1.1291433144723344
7.481249999999999,1.037675583299345,7.481249999999999,0.8928881059087703,7.481249999999999,1.1319832103999532
7.5337499999999995,1.0218617112924968,7.5337499999999995,0.8917531198629716,7.5337499999999995,1.120757841276696
7.58625,1.0501672573398788,7.58625,0.891819574135003,7.58625,1.108357529953064
7.63875,1.0586609502430544,7.63875,0.882042440442034,7.63875,1.083862028824351
7.69125,1.1174916633283372,7.69125,0.8907353015673032,7.69125,1.0824672318375732
7.7437499999999995,1.096788028622884,7.7437499999999995,0.8786620043534288,7.7437499999999995,1.075947557701959
7.79625,1.1226492037959552,7.79625,0.8799101729965729,7.79625,1.0526376285858352
7.84875,1.1348058896350894,7.84875,0.8784159114312325,7.84875,1.0591375892344845
7.901249999999999,1.1288391377855387,7.901249999999999,0.8748841628121903,7.901249999999999,1.042924609924827
7.953749999999999,1.1532573302868407,7.953749999999999,0.87815339314179,7.953749999999999,1.0363660175086409
8.00625,1.1799744869721145,8.00625,0.8827650766119715,8.00625,1.0305413105903645
8.05875,1.167373095860638,8.05875,0.8869126864877424,8.05875,1.030674331614865
8.111249999999998,1.1730049821646262,8.111249999999998,0.891511695226986,8.111249999999998,1.019013994899087
8.16375,1.179191852085661,8.16375,0.8862593841053026,8.16375,1.0092509033549093
8.216249999999999,1.1675756604291554,8.216249999999999,0.9025100830417978,8.216249999999999,0.9942108758377466
8.26875,1.1918479647545728,8.26875,0.8985486077651603,8.26875,1.0066920403673538
8.32125,1.1652371911028023,8.32125,0.9034700104073982,8.32125,0.9891047027903113
8.373750000000001,1.1700893480501573,8.373750000000001,0.9185348483943669,8.373750000000001,0.9808512059607083
8.42625,1.1802094096016267,8.42625,0.934203892933626,8.42625,0.9885905155702973
8.47875,1.1829798050342462,8.47875,0.9391806456365533,8.47875,0.9745802786659893
8.53125,1.1472068305078078,8.53125,0.9400531428746882,8.53125,0.9825724860071333
8.583749999999998,1.1566153702763864,8.583749999999998,0.9501663507451786,8.583749999999998,0.9768902502234338
8.63625,1.1339426267700372,8.63625,0.9695950985237423,8.63625,0.9631615020580782
8.688749999999999,1.1114975321345435,8.688749999999999,0.9885153162997993,8.688749999999999,0.9617276701401206
8.74125,1.1198237743199368,8.74125,0.9928407419062603,8.74125,0.9623893398263373
8.79375,1.1023767914183,8.79375,0.9918388353467509,8.79375,0.9641615877109307
8.846250000000001,1.0810836926711478,8.846250000000001,1.0134848407048678,8.846250000000001,0.9528358645384063
8.89875,1.1040927523681319,8.89875,1.0316765049100514,8.89875,0.957267606875577
8.951249999999998,1.0655800150330237,8.951249999999998,1.0328654306389005,8.951249999999998,0.9521397047566698
9.00375,1.0397753449340728,9.00375,1.038521663090985,9.00375,0.9512723698194524
9.056249999999999,1.0274315585938654,9.056249999999999,1.047235119525913,9.056249999999999,0.9366270083819881
9.10875,1.0223354030981109,9.10875,1.0510604416776301,9.10875,0.9332062487940468
9.161249999999999,1.0013815967771058,9.161249999999999,1.064487829136282,9.161249999999999,0.9465260678319747
9.213750000000001,1.0104148038822032,9.213750000000001,1.0604911920702083,9.213750000000001,0.9419380122553462
9.26625,0.9918930014487066,9.26625,1.0683247486774536,9.26625,0.94805176133557
9.31875,0.9834971592788765,9.31875,1.061087268300603,9.31875,0.9496868103572375
9.37125,0.9747233017876401,9.37125,1.0878316644587878,9.37125,0.9499481929077798
9.423749999999998,0.951548313855647,9.423749999999998,1.0808983642147902,9.423749999999998,0.9533653114680548
9.47625,0.9583621772479366,9.47625,1.0790506105869133,9.47625,0.9517732397966956
9.528749999999999,0.9633131717897617,9.528749999999999,1.0736083934014493,9.528749999999999,0.9591960965788869
9.58125,0.954518826944397,9.58125,1.086373473120748,9.58125,0.9549201892404328
9.63375,0.9394758769105531,9.63375,1.0831301811914011,9.63375,0.968909240126322
9.686250000000001,0.9404388982342954,9.686250000000001,1.0839309979682012,9.686250000000001,0.9764900056283224
9.73875,0.9321911322386965,9.73875,1.0690896577724944,9.73875,0.9717661144203958
9.791249999999998,0.9471212434183655,9.791249999999998,1.066175739722883,9.791249999999998,0.9742010914016486
9.84375,0.9364068936942194,9.84375,1.0607093068006366,9.84375,0.9796167451645038
9.896249999999998,0.940400352934199,9.896249999999998,1.0597705359340976,9.896249999999998,0.9904339992125942
9.94875,0.9408632267952922,9.94875,1.0512258570288817,9.94875,0.9921668926292286
10.001249999999999,0.940203901155621,10.001249999999999,1.0529600143994102,10.001249999999999,0.997350059593537
10.05375,0.9402067532995901,10.05375,1.0435083188829801,10.05375,1.0023929006616403
10.10625,0.93678285173024,10.10625,1.035503541468093,10.10625,1.0034001898136067
10.158750000000001,0.9453731839098607,10.158750000000001,1.037305288352588,10.158750000000001,1.0149708442539416
10.21125,0.9347444247032712,10.21125,1.0148214148993282,10.21125,1.0173682818304735
10.263749999999998,0.9356131918121146,10.263749999999998,1.0203893049811077,10.263749999999998,1.0198307533620434
10.31625,0.9480463339654425,10.31625,1.0121700500261392,10.31625,1.0305420293959113
10.368749999999999,0.9504765561150407,10.368749999999999,1.005918052277367,10.368749999999999,1.0376081955149379
10.42125,0.9548450312539077,10.42125,1.003531136138288,10.42125,1.0339460871753656
10.473749999999999,0.9685079694916021,10.473749999999999,0.9981071639213414,10.473749999999999,1.0344965727158868
