U-Cl,,U-U,,Cl-Cl,,,
X,Y,X,Y,X,Y,,
0.577281919,6.17E-04,3.476651859,-0.000692012,2.547683924,0,,
0.730307691,1.59E-03,3.820959846,0.011765217,2.711171662,0.006944444,,
1.036359236,0.001060027,3.982105354,0.060516821,2.843104341,0.09571107,,
1.189385008,0.000616842,4.096874683,0.218143107,2.915258075,0.230440146,,
1.495436553,0.000616842,4.140635369,0.327018996,2.955557464,0.354359015,,
1.658026436,0.001429348,4.18295168,0.457629437,3.016130166,0.568253874,,
1.95451387,0.001060027,4.249900455,0.683100028,3.068201435,0.803598907,,
2.126667864,0.001313276,4.269028677,0.804772896,3.111771273,1.04166335,,
2.426343335,0.037992147,4.30728512,0.928680158,3.169155938,1.283627826,,
2.504981579,0.272535728,4.360419069,1.16010913,3.207412381,1.521529768,,
2.532611232,0.507079309,4.412490338,1.397415234,3.261609009,1.764523418,,
2.543238022,0.752456313,4.460310892,1.635560928,3.325369747,1.994191959,,
2.557052849,0.981109221,4.532573062,1.856156479,3.365122616,2.097222222,,
2.57618107,1.219376791,4.587832369,2.077699954,3.392370572,2.180555556,,
2.589995897,1.698214033,4.624345151,2.1694922,3.457992083,2.241075692,,
2.614437513,2.174884591,4.706362281,2.286639678,3.514986376,2.229166667,,
2.624001624,2.655563515,4.818516118,2.270514963,3.569482289,2.173611111,,
2.633565735,3.130392391,4.901977624,2.213559078,3.637075178,2.07862494,,
2.658007351,3.616271357,5.01124271,2.052797178,3.665045322,1.999900509,,
2.671822178,4.149275708,5.131815568,1.871197248,3.733438473,1.866801974,,
2.690950399,4.559388431,5.282824419,1.658229863,3.781259027,1.796482012,,
2.717066277,5.293865409,5.399719106,1.476986717,3.83727739,1.635585801,,
2.728035727,5.483106495,5.536273354,1.274807983,3.873712098,1.564105115,,
2.738419619,5.590277778,5.560183631,1.215088746,3.953413021,1.414603895,,
2.752043597,5.75,5.65476206,1.057191623,4.001233575,1.339447031,,
2.755283683,5.828226517,5.665388849,0.998149475,4.106438794,1.170039398,,
2.765667575,5.881944444,5.808850511,0.85921084,4.178891812,1.088268067,,
2.779291553,5.951388889,6.067081502,0.679942332,4.316849231,0.948225088,,
2.805719729,6.015755996,6.30481797,0.645057307,4.575080221,0.771394099,,
2.833787466,5.875,6.495075459,0.662381109,4.686648501,0.736111111,,
2.833787466,5.9375,6.696187455,0.720813877,4.787637704,0.721784464,,
2.861035422,5.666666667,6.901071961,0.791935291,4.904632153,0.736111111,,
2.870053012,5.509411812,7.119133687,0.877159851,4.995901095,0.766962244,,
2.87411288,5.30344138,7.356870155,0.960542025,5.282824419,0.944236419,,
2.893475325,5.071633238,7.539954561,1.022081488,5.45002069,1.037019551,,
2.910924947,4.837143824,7.743191915,1.055431192,5.674055105,0.96514844,,
2.925802453,4.59777937,7.960775435,1.088559304,5.911713498,0.887655205,,
2.944930674,4.350777353,8.247698758,1.143957483,6.142930756,0.913264088,,
2.953432106,4.121650483,8.485435226,1.140222063,6.422397976,0.996086703,,
2.968309612,3.882123528,8.654173466,1.124291129,6.654825387,1.080884055,,
2.987437833,3.64227157,8.869365958,1.097600287,6.87597105,1.098495702,,
3.002315339,3.405561304,9.14672517,1.004354071,7.15739013,1.067885155,,
3.02144356,3.15964263,9.371481774,0.954883496,7.300851791,1.051819683,,
3.054386609,2.875671562,9.538853712,0.935383337,7.597339225,1.001850525,,
3.059700004,2.687847112,9.816212924,0.927239805,7.740800887,0.989662926,,
3.078828225,2.448970162,10.04301898,0.945220471,8.018160099,0.981907181,,
3.097956447,2.206301514,10.22746969,0.944036533,8.171185872,0.989175422,,
3.117084668,1.970674591,10.54308534,0.973774276,8.477237416,1.007611936,,
3.145928812,1.754934734,10.75896099,0.984917224,8.630263189,1.011600605,,
3.159591827,1.692255651,10.93521388,0.991446295,8.917186512,1.000520969,,
3.188284159,1.499204075,11.23170132,1.013660965,9.079776395,0.995350472,,
3.222441698,1.288323782,11.44757696,1.020435371,9.357135607,0.977475326,,
3.249728692,1.207112915,11.63339397,1.042024833,9.51016138,0.973575294,,
3.274361156,1.060450493,11.92031729,1.027399713,9.816212924,0.987668591,,
3.307113356,0.979524833,12.13072773,1.02333718,9.969238697,0.99502547,,
3.360438153,0.786717009,12.34113817,1.01410415,10.25616202,1.008055121,,
3.465643372,0.570996498,12.56748879,1.003837021,10.40918779,1.007700573,,
3.513463926,0.51249602,12.76195904,0.991944879,10.69611112,1.009827863,,
3.714310252,0.37466535,13.00424985,0.985149369,10.84913689,1.010625597,,
3.959151488,0.339919612,13.18277992,0.98308117,11.13606021,1.004509638,,
4.116002904,0.354328063,13.48883146,0.989285766,11.29865009,1.005913058,,
4.441182671,0.450893245,13.71518208,0.990024408,11.61426575,1.006725565,,
4.622900775,0.534433699,13.90965233,0.996376733,11.76729152,1.006725565,,
4.785490658,0.631121989,14.21570388,0.995933548,12.05421485,1.004509638,,
5.034157538,0.802339296,14.39168352,1.006924546,12.21680473,1.001850525,,
5.30195264,0.993795404,14.63652475,1.001251773,12.53242038,0.994759558,,
5.55061952,1.183035585,14.75129408,1.003024514,12.68544616,0.993075454,,
5.837542843,1.347014196,,,12.9914977,0.993430002,,
6.063893465,1.372940544,,,13.14452347,0.99502547,,
6.248799607,1.314927571,,,13.45057502,0.996089115,,
6.468774154,1.154228532,,,13.6131649,1.000225512,,
6.640928148,1.032500265,,,13.92878056,1.003623267,,
6.78438981,0.958074658,,,14.08180633,1.000875517,,
7.100005465,0.885214972,,,14.36872965,1.005396009,,
7.253031238,0.892749124,,,14.53131953,1.006725565,,
7.520826339,0.929533516,,,14.84693519,1.006725565,,
7.673852112,0.938574499,,,14.98633698,1.003437401,,
7.979903656,0.945045006,,,8.637132671,1.016301316,,
8.174373909,0.944749549,,,8.765634756,1.009750854,,
8.40072453,0.957454198,,,8.894136841,1.009689622,,
8.645565766,0.985374881,,,9.022638925,1.004068525,,
8.821545404,1.00975008,,,9.15114101,0.992624947,,
9.14672517,1.046977656,,,9.279643095,0.996965615,,
9.32366122,1.056062958,,,9.408145179,0.996176403,,
9.567546044,1.048307213,,,9.536647264,0.996176403,,
9.720571817,1.03802531,,,9.665149348,0.993387852,,
9.988366918,1.012852378,,,9.793651433,0.99791267,,
10.14139269,1.001950016,,,9.927021021,1.000401429,,
10.40918779,0.992022662,,,10.00392757,1.017287831,,
10.54308534,3.986999894,,,,,,
10.83000867,3.98936355,,,,,,
10.97347033,3.99024992,,,,,,
11.25082954,3.987590808,,,,,,
11.3942912,3.99024992,,,,,,
11.67165041,3.988477179,,,,,,
11.8342403,3.99024992,,,,,,
12.13072773,3.998670444,,,,,,
12.27418939,4.00243752,,,,,,
12.55154861,4.010193265,,,,,,
12.70457438,4.008775072,,,,,,
13.01062592,4.008863709,,,,,,
13.15408758,4.00853132,,,,,,
13.45057502,4.003102298,,,,,,
13.59403668,4.00121876,,,,,,
13.89052411,3.995568146,,,,,,
14.03398577,3.9939062,,,,,,
14.33047321,3.99512496,,,,,,
14.49306309,4,,,,,,
14.7704223,3.999556815,,,,,,
14.91388397,4,,,,,,
